job_id,company,title,location_raw,work_type,city,state,date_applied,status,url,source_page
4402760008,Addison Group,Data EngineerAddison Group · United States (Remote)Applied 3w ago(No longer accepting applications),United States (Remote),Remote,United States,,,Closed,https://www.linkedin.com/jobs/view/4402760008/,1
4389759683,Shift Technology,"Data Scientist / Engineer (Healthcare Solutions)Shift Technology · Boston, MA (Hybrid)Applied 1d ago(Reposted 6d ago)","Boston, MA (Hybrid)",Hybrid,Boston,MA,,Applied,https://www.linkedin.com/jobs/view/4389759683/,1
4394477424,"Bracebridge Capital, LLC","Junior Support EngineerBracebridge Capital, LLC · Boston, MAApplied 1d ago(Reposted 2w ago)","Boston, MA",,Boston,MA,,Applied,https://www.linkedin.com/jobs/view/4394477424/,1
4397324427,BETSOL,"Associate – AI & Automation (Early Career / New Graduate)BETSOL · Broomfield, CO (On-site)Applied 1w ago(No longer accepting applications)","Broomfield, CO (On-site)",Onsite,Broomfield,CO,,Closed,https://www.linkedin.com/jobs/view/4397324427/,1
4389802889,Neuralink,"Software Engineer, Data EngineeringNeuralink · Fremont, CAApplied 3w ago(Reposted 5d ago)","Fremont, CA",,Fremont,CA,,Applied,https://www.linkedin.com/jobs/view/4389802889/,1
4408792561,Robert Half,"IT Support/Entry-Level Help DeskRobert Half · Boulder, CO (On-site)Applied 1w ago(No longer accepting applications)","Boulder, CO (On-site)",Onsite,Boulder,CO,,Closed,https://www.linkedin.com/jobs/view/4408792561/,1
4410711254,Helic & Co.,Junior Data AnalystHelic & Co. · United States (Remote)Applied 1w ago(No longer accepting applications),United States (Remote),Remote,United States,,,Closed,https://www.linkedin.com/jobs/view/4410711254/,1
4398174305,AimHire,"Technical Support AnalystAimHire · Denver, CO (On-site)Applied 1w ago(No longer accepting applications)","Denver, CO (On-site)",Onsite,Denver,CO,,Closed,https://www.linkedin.com/jobs/view/4398174305/,1
4408101597,SoTalent,"Financial AnalystSoTalent · Grand Rapids, MI (On-site)Applied 6d ago(No longer accepting applications)","Grand Rapids, MI (On-site)",Onsite,Grand Rapids,MI,,Closed,https://www.linkedin.com/jobs/view/4408101597/,1
4382065637,Empower,Business AnalystEmpower · United States (Remote)Applied 1mo ago(Reposted 6d ago),United States (Remote),Remote,United States,,,Applied,https://www.linkedin.com/jobs/view/4382065637/,1
4407942399,F.E. Moran Group of Companies,"Junior DeveloperF.E. Moran Group of Companies · Northbrook, IL (On-site)Applied 6d ago(Posted 1w ago)","Northbrook, IL (On-site)",Onsite,Northbrook,IL,,Applied,https://www.linkedin.com/jobs/view/4407942399/,2
4406559734,Sprocket Sports,Product AnalystSprocket Sports · Greater Chicago Area (Hybrid)Applied 6d ago(Posted 1w ago),Greater Chicago Area (Hybrid),Hybrid,Greater Chicago Area,,,Applied,https://www.linkedin.com/jobs/view/4406559734/,2
4410720386,Não conta,Junior Data EnginerNão conta · United States (Remote)Applied 1w ago(No longer accepting applications),United States (Remote),Remote,United States,,,Closed,https://www.linkedin.com/jobs/view/4410720386/,2
4402300344,Aditude,Business Intelligence AnalystAditude · United States (Remote)Applied 1w ago(Posted 3w ago),United States (Remote),Remote,United States,,,Applied,https://www.linkedin.com/jobs/view/4402300344/,2
4408798838,ProMedia,Junior Account AnalystProMedia · United States (Remote)Applied 1w ago(Reposted 1w ago),United States (Remote),Remote,United States,,,Applied,https://www.linkedin.com/jobs/view/4408798838/,2
4404666615,Puffy,"Customer Support Representative (Remote)Puffy · Colorado, United States (Remote)Applied 1w ago(Posted 2w ago)","Colorado, United States (Remote)",Remote,"Colorado, United States",,,Applied,https://www.linkedin.com/jobs/view/4404666615/,2
4380612442,Ascendion,Artificial Intelligence EngineerAscendion · United States (Remote)Applied 1mo ago(No longer accepting applications),United States (Remote),Remote,United States,,,Closed,https://www.linkedin.com/jobs/view/4380612442/,2
4333018696,Athos Partners,"Private Equity Analyst / Associate - NYC officeAthos Partners · New York, United States (On-site)Applied 3mo ago(Reposted 1w ago)","New York, United States (On-site)",Onsite,"New York, United States",,,Applied,https://www.linkedin.com/jobs/view/4333018696/,2
4392186265,Mount Sinai Health System,"Data Analyst I-Emergency MedicineMount Sinai Health System · New York, NY (On-site)Applied 1mo ago(No longer accepting applications)","New York, NY (On-site)",Onsite,New York,NY,,Closed,https://www.linkedin.com/jobs/view/4392186265/,2
4399827837,First Advantage,Product Analyst (US Remote)First Advantage · United States (Remote)Applied 3w ago(No longer accepting applications),United States (Remote),Remote,United States,,,Closed,https://www.linkedin.com/jobs/view/4399827837/,2
4405565582,US Tech Solutions,"Lockbox Application AnalystUS Tech Solutions · Brooklyn, OH (On-site)Applied 1w ago(No longer accepting applications)","Brooklyn, OH (On-site)",Onsite,Brooklyn,OH,,Closed,https://www.linkedin.com/jobs/view/4405565582/,3
4393007983,HDI Global SE,Software Development AnalystHDI Global SE · United States (Remote)Applied 1mo ago(No longer accepting applications),United States (Remote),Remote,United States,,,Closed,https://www.linkedin.com/jobs/view/4393007983/,3
4407399374,TekWissen ®,"Data Analyst (Retail )TekWissen ® · Seattle, WA (On-site)Applied 1w ago(No longer accepting applications)","Seattle, WA (On-site)",Onsite,Seattle,WA,,Closed,https://www.linkedin.com/jobs/view/4407399374/,3
4204260949,WebFX,"Jr. Marketing Analytics ConsultantWebFX · Harrisburg, PA (On-site)Applied 3mo ago(Reposted 1w ago)","Harrisburg, PA (On-site)",Onsite,Harrisburg,PA,,Applied,https://www.linkedin.com/jobs/view/4204260949/,3
4398835741,Acceler8 Talent,"Full Stack EngineerAcceler8 Talent · Denver, CO (Hybrid)Applied 2w ago(No longer accepting applications)","Denver, CO (Hybrid)",Hybrid,Denver,CO,,Closed,https://www.linkedin.com/jobs/view/4398835741/,3
4397828883,"xo, Fetti","Business Systems Analyst (AI & Automation)xo, Fetti · United States (Remote)Applied 4w ago(No longer accepting applications)",United States (Remote),Remote,United States,,,Closed,https://www.linkedin.com/jobs/view/4397828883/,3
4396182058,Zensar Technologies,Entry Level Customer Success Analyst (AI/ML)Zensar Technologies · United States (Remote)Applied 1mo ago(No longer accepting applications),United States (Remote),Remote,United States,,,Closed,https://www.linkedin.com/jobs/view/4396182058/,3
4404218641,Talentoma,"Remote IT Help Desk AssociateTalentoma · Michigan, United States (Remote)Applied 1w ago(No longer accepting applications)","Michigan, United States (Remote)",Remote,"Michigan, United States",,,Closed,https://www.linkedin.com/jobs/view/4404218641/,3
4403616113,Cresset,"Associate, IT SpecialistCresset · Denver, CO (On-site)Applied 1w ago(Posted 3w ago)","Denver, CO (On-site)",Onsite,Denver,CO,,Applied,https://www.linkedin.com/jobs/view/4403616113/,3
4399551138,Zensar Technologies,"Technical ConsultantZensar Technologies · Jersey City, NJ (On-site)Applied 1w ago(Posted 4w ago)","Jersey City, NJ (On-site)",Onsite,Jersey City,NJ,,Applied,https://www.linkedin.com/jobs/view/4399551138/,3
4387732984,"Request Technology, LLC","Data Analytics EngineerRequest Technology, LLC · Chicago, IL (Hybrid)Applied 1mo ago(No longer accepting applications)","Chicago, IL (Hybrid)",Hybrid,Chicago,IL,,Closed,https://www.linkedin.com/jobs/view/4387732984/,4
4392424836,Karbone,"Natural Gas AnalystKarbone · New York, NY (On-site)Applied 1mo ago(No longer accepting applications)","New York, NY (On-site)",Onsite,New York,NY,,Closed,https://www.linkedin.com/jobs/view/4392424836/,4
4393558290,Perennial Resources International,"Human Capital Data Engineering & Reporting AnalystPerennial Resources International · New York, NY (Hybrid)Applied 1mo ago(No longer accepting applications)","New York, NY (Hybrid)",Hybrid,New York,NY,,Closed,https://www.linkedin.com/jobs/view/4393558290/,4
4393220666,Amazing Care Home Health Services,"Helpdesk Support AnalystAmazing Care Home Health Services · Aurora, CO (Hybrid)Applied 1w ago(Posted 1mo ago)","Aurora, CO (Hybrid)",Hybrid,Aurora,CO,,Applied,https://www.linkedin.com/jobs/view/4393220666/,4
4375765995,Digital Infuzion,Data Quality Analyst (Translational Research)Digital Infuzion · United States (Remote)Applied 3w ago(Reposted 1w ago),United States (Remote),Remote,United States,,,Applied,https://www.linkedin.com/jobs/view/4375765995/,4
4406605901,GyanSys Inc.,"Junior Databricks ConsultantGyanSys Inc. · Santa Clara, CA (On-site)Applied 2w ago(No longer accepting applications)","Santa Clara, CA (On-site)",Onsite,Santa Clara,CA,,Closed,https://www.linkedin.com/jobs/view/4406605901/,4
4405543858,Dexian,"Entry Level Data AnalystDexian · Atlanta, GA (On-site)Applied 1w ago(No longer accepting applications)","Atlanta, GA (On-site)",Onsite,Atlanta,GA,,Closed,https://www.linkedin.com/jobs/view/4405543858/,4
4407870343,Helic & Co.,Junior Data AnalystHelic & Co. · United States (Remote)Applied 1w ago(No longer accepting applications),United States (Remote),Remote,United States,,,Closed,https://www.linkedin.com/jobs/view/4407870343/,4
4406566346,Irene Neuwirth,"Netsuite ConsultantIrene Neuwirth · California, United States (Remote)Applied 1w ago(No longer accepting applications)","California, United States (Remote)",Remote,"California, United States",,,Closed,https://www.linkedin.com/jobs/view/4406566346/,4
4398241743,Eliassen,"Junior Data Management and Quantitative AnalystEliassen · Pittsburgh, PAApplied 1w ago(Reposted 2w ago)","Pittsburgh, PA",,Pittsburgh,PA,,Applied,https://www.linkedin.com/jobs/view/4398241743/,4
4406577070,Calculated Hire,Junior Data AnalystCalculated Hire · Atlanta Metropolitan Area (Remote)Applied 1w ago(Posted 1w ago),Atlanta Metropolitan Area (Remote),Remote,Atlanta Metropolitan Area,,,Applied,https://www.linkedin.com/jobs/view/4406577070/,5
4392426913,Thryv,Entry Level Software SalesThryv · Denver Metropolitan Area (Remote)Applied 2w ago(Reposted 2w ago),Denver Metropolitan Area (Remote),Remote,Denver Metropolitan Area,,,Applied,https://www.linkedin.com/jobs/view/4392426913/,5
4372033305,Beazley Security,Business Systems EngineerBeazley Security · United States (Remote)Applied 1mo ago(No longer accepting applications),United States (Remote),Remote,United States,,,Closed,https://www.linkedin.com/jobs/view/4372033305/,5
4399637669,Strategic Employment Partners (SEP),Data AnalystStrategic Employment Partners (SEP) · United States (Remote)Applied 2w ago(No longer accepting applications),United States (Remote),Remote,United States,,,Closed,https://www.linkedin.com/jobs/view/4399637669/,5
4319581826,Koia,Business AnalystKoia · United States (Remote)Applied just now(No longer accepting applications),United States (Remote),Remote,United States,,,Closed,https://www.linkedin.com/jobs/view/4319581826/,5
4376793289,Sprocket Sports,Product AnalystSprocket Sports · Greater Chicago Area (Hybrid)Applied 1mo ago(No longer accepting applications),Greater Chicago Area (Hybrid),Hybrid,Greater Chicago Area,,,Closed,https://www.linkedin.com/jobs/view/4376793289/,5
4328136685,"DigiCert, Inc.","Product ManagerDigiCert, Inc. · Sunnyvale, CA (On-site)Applied 3mo ago(Reposted 2w ago)","Sunnyvale, CA (On-site)",Onsite,Sunnyvale,CA,,Applied,https://www.linkedin.com/jobs/view/4328136685/,5
4403231896,Surefire Cyber Inc.,IT Systems AdministratorSurefire Cyber Inc. · United States (Remote)Applied 2w ago(No longer accepting applications),United States (Remote),Remote,United States,,,Closed,https://www.linkedin.com/jobs/view/4403231896/,5
4401562433,Privia Health,"Analyst, Business AnalyticsPrivia Health · United StatesApplied 3w ago(No longer accepting applications)",United States,,United States,,,Closed,https://www.linkedin.com/jobs/view/4401562433/,5
4367298115,Gresham Partners,"Investment Analyst - Private TeamGresham Partners · Chicago, IL (Hybrid)Applied 2mo ago(No longer accepting applications)","Chicago, IL (Hybrid)",Hybrid,Chicago,IL,,Closed,https://www.linkedin.com/jobs/view/4367298115/,5
4383761070,xAI,"IT Services TechnicianxAI · Palo Alto, CA (On-site)Applied 2w ago(Reposted 2w ago)","Palo Alto, CA (On-site)",Onsite,Palo Alto,CA,,Applied,https://www.linkedin.com/jobs/view/4383761070/,6
4382192030,Envision,Business Intelligence DeveloperEnvision · United States (Remote)Applied 1mo ago(No longer accepting applications),United States (Remote),Remote,United States,,,Closed,https://www.linkedin.com/jobs/view/4382192030/,6
4376050387,Heymarket,Onboarding SpecialistHeymarket · San Francisco Bay Area (On-site)Applied 3w ago(No longer accepting applications),San Francisco Bay Area (On-site),Onsite,San Francisco Bay Area,,,Closed,https://www.linkedin.com/jobs/view/4376050387/,6
4227655305,AEG,"Associate Product Manager - AXSAEG · Los Angeles, CA (On-site)Applied 3mo ago(Reposted 2w ago)","Los Angeles, CA (On-site)",Onsite,Los Angeles,CA,,Applied,https://www.linkedin.com/jobs/view/4227655305/,6
4399782781,Tenth Revolution Group,Data Engineer ($130k - $170k)Tenth Revolution Group · United States (Remote)Applied 3w ago(No longer accepting applications),United States (Remote),Remote,United States,,,Closed,https://www.linkedin.com/jobs/view/4399782781/,6
4390284725,Bridge Partners,Analyst - Technical Support & Consulting TrackBridge Partners · United States (Remote)Applied 3w ago(No longer accepting applications),United States (Remote),Remote,United States,,,Closed,https://www.linkedin.com/jobs/view/4390284725/,6
4389814054,MITY Inc.,Business System DeveloperMITY Inc. · United States (Remote)Applied 1mo ago(No longer accepting applications),United States (Remote),Remote,United States,,,Closed,https://www.linkedin.com/jobs/view/4389814054/,6
4400784904,Emonics LLC,"Data AnalystEmonics LLC · San Francisco, CA (On-site)Applied 3w ago(No longer accepting applications)","San Francisco, CA (On-site)",Onsite,San Francisco,CA,,Closed,https://www.linkedin.com/jobs/view/4400784904/,6
4402302549,edkey,Engineer - Data Analystedkey · United States (Remote)Applied 3w ago(No longer accepting applications),United States (Remote),Remote,United States,,,Closed,https://www.linkedin.com/jobs/view/4402302549/,6
4292579633,Associate Staffing,"BI Developer IIAssociate Staffing · Charlotte, NCApplied 8mo ago(No longer accepting applications)","Charlotte, NC",,Charlotte,NC,,Closed,https://www.linkedin.com/jobs/view/4292579633/,6
4380486287,BeaconFire Inc.,"Data EngineerBeaconFire Inc. · San Jose, CA (On-site)Applied 3w ago(No longer accepting applications)","San Jose, CA (On-site)",Onsite,San Jose,CA,,Closed,https://www.linkedin.com/jobs/view/4380486287/,7
4391065968,BeaconFire Inc.,"Data EngineerBeaconFire Inc. · San Jose, CA (On-site)Applied 3w ago(No longer accepting applications)","San Jose, CA (On-site)",Onsite,San Jose,CA,,Closed,https://www.linkedin.com/jobs/view/4391065968/,7
4387067749,BeaconFire Inc.,"Data Engineer- Entry LevelBeaconFire Inc. · California, United States (Hybrid)Applied 3w ago(No longer accepting applications)","California, United States (Hybrid)",Hybrid,"California, United States",,,Closed,https://www.linkedin.com/jobs/view/4387067749/,7
4384090702,BeaconFire Inc.,"Data EngineerBeaconFire Inc. · New York, United States (Hybrid)Applied 3w ago(No longer accepting applications)","New York, United States (Hybrid)",Hybrid,"New York, United States",,,Closed,https://www.linkedin.com/jobs/view/4384090702/,7
4393298499,"RH US, LLC","Inventory AnalystRH US, LLC · Corte Madera, CAApplied 3w ago(No longer accepting applications)","Corte Madera, CA",,Corte Madera,CA,,Closed,https://www.linkedin.com/jobs/view/4393298499/,7
4388970087,Fractal,Data Quality AnalystFractal · United States (Remote)Applied 3w ago(No longer accepting applications),United States (Remote),Remote,United States,,,Closed,https://www.linkedin.com/jobs/view/4388970087/,7
4390935712,Crossing Hurdles,Human Data Analyst | $55/hr RemoteCrossing Hurdles · United States (Remote)Applied 1mo ago(No longer accepting applications),United States (Remote),Remote,United States,,,Closed,https://www.linkedin.com/jobs/view/4390935712/,7
4354337855,WebFX,"Jr. UX DesignerWebFX · Ann Arbor, MI (On-site)Applied 3mo ago(Reposted 2w ago)","Ann Arbor, MI (On-site)",Onsite,Ann Arbor,MI,,Applied,https://www.linkedin.com/jobs/view/4354337855/,7
4392476378,GrassBridge Recruiting,Data Operations AnalystGrassBridge Recruiting · United States (Remote)Applied 1mo ago(No longer accepting applications),United States (Remote),Remote,United States,,,Closed,https://www.linkedin.com/jobs/view/4392476378/,7
4355197890,ExaCare,"Product ManagerExaCare · New York, NY (Hybrid)Applied 3mo ago(No longer accepting applications)","New York, NY (Hybrid)",Hybrid,New York,NY,,Closed,https://www.linkedin.com/jobs/view/4355197890/,7
4392994581,FreshDirect,"Supply Chain AnalystFreshDirect · Bronx, NYApplied 1mo ago(Reposted 44m ago)","Bronx, NY",,Bronx,NY,,Applied,https://www.linkedin.com/jobs/view/4392994581/,8
4397576350,Akkodis,"Software AnalystAkkodis · Grand Rapids, MI (On-site)Applied 1mo ago(No longer accepting applications)","Grand Rapids, MI (On-site)",Onsite,Grand Rapids,MI,,Closed,https://www.linkedin.com/jobs/view/4397576350/,8
4404053327,Joveo Ai,Fresher Data AnalystJoveo Ai · United States (Remote)Applied 3w ago(No longer accepting applications),United States (Remote),Remote,United States,,,Closed,https://www.linkedin.com/jobs/view/4404053327/,8
4319029285,"Höweler+Yoon Architecture, LLP","Design Strategist (Junior)Höweler+Yoon Architecture, LLP · Boston, MA (On-site)Applied 3mo ago(No longer accepting applications)","Boston, MA (On-site)",Onsite,Boston,MA,,Closed,https://www.linkedin.com/jobs/view/4319029285/,8
4402324162,Zeektek,entry-level Data Analyst - Portico and SQL Server or Oracle 100% Remote Contract to hireZeektek · United States (Remote)Applied 3w ago(No longer accepting applications),United States (Remote),Remote,United States,,,Closed,https://www.linkedin.com/jobs/view/4402324162/,8
4402981631,Helic & Co.,Junior Data AnalystHelic & Co. · United States (Remote)Applied 3w ago(No longer accepting applications),United States (Remote),Remote,United States,,,Closed,https://www.linkedin.com/jobs/view/4402981631/,8
4397613603,The Intersect Group,"Database AnalystThe Intersect Group · South Carolina, United States (Remote)Applied 3w ago(No longer accepting applications)","South Carolina, United States (Remote)",Remote,"South Carolina, United States",,,Closed,https://www.linkedin.com/jobs/view/4397613603/,8
4360964095,Odiin.,Quantitative DeveloperOdiin. · United States (Remote)Applied 3mo ago(No longer accepting applications),United States (Remote),Remote,United States,,,Closed,https://www.linkedin.com/jobs/view/4360964095/,8
4402772193,University of Central Florida,"Data AnalystUniversity of Central Florida · Pennsylvania, United States (Remote)Applied 3w ago(No longer accepting applications)","Pennsylvania, United States (Remote)",Remote,"Pennsylvania, United States",,,Closed,https://www.linkedin.com/jobs/view/4402772193/,8
4401269669,"Basic Information Technology Services, Inc.","Organizational Culture Analyst l Entry Level - USD $28–$45 Per HourBasic Information Technology Services, Inc. · United States (Remote)Applied 3w ago(No longer accepting applications)",United States (Remote),Remote,United States,,,Closed,https://www.linkedin.com/jobs/view/4401269669/,8
4388156104,Ikuto,AI Benchmarking Operations EngineerIkuto · United States (Remote)Applied 4w ago(No longer accepting applications),United States (Remote),Remote,United States,,,Closed,https://www.linkedin.com/jobs/view/4388156104/,9
4400927061,James Search Group,Data AnalystJames Search Group · United States (Remote)Applied 3w ago(No longer accepting applications),United States (Remote),Remote,United States,,,Closed,https://www.linkedin.com/jobs/view/4400927061/,9
4399788897,DetaPent,Data AnalystDetaPent · United States (Remote)Applied 3w ago(No longer accepting applications),United States (Remote),Remote,United States,,,Closed,https://www.linkedin.com/jobs/view/4399788897/,9
4402613348,Interchecks,"Data AnalystInterchecks · Brooklyn, NY (Remote)Applied 3w ago(Posted 3w ago)","Brooklyn, NY (Remote)",Remote,Brooklyn,NY,,Applied,https://www.linkedin.com/jobs/view/4402613348/,9
4401092100,Pegasystems,"Data Engineer (Entry- to Mid-level)Pegasystems · Waltham, MA (Hybrid)Applied 3w ago(No longer accepting applications)","Waltham, MA (Hybrid)",Hybrid,Waltham,MA,,Closed,https://www.linkedin.com/jobs/view/4401092100/,9
4403148437,Harbor Freight Tools,"ETL Developer - RemoteHarbor Freight Tools · Calabasas, CAApplied 3w ago(Posted 3w ago)","Calabasas, CA",,Calabasas,CA,,Applied,https://www.linkedin.com/jobs/view/4403148437/,9
4391877624,Midtown Athletic Clubs,"Software Support AnalystMidtown Athletic Clubs · Chicago, IL (Hybrid)Applied 3w ago(No longer accepting applications)","Chicago, IL (Hybrid)",Hybrid,Chicago,IL,,Closed,https://www.linkedin.com/jobs/view/4391877624/,9
4369641590,Coda Search│Staffing,"Investment Data AssociateCoda Search│Staffing · New York, NY (On-site)Applied 3mo ago(Reposted 1d ago)","New York, NY (On-site)",Onsite,New York,NY,,Applied,https://www.linkedin.com/jobs/view/4369641590/,9
4381757469,ECLARO,"Internal Business Controls AnalystECLARO · White Plains, NY (On-site)Applied 1mo ago(No longer accepting applications)","White Plains, NY (On-site)",Onsite,White Plains,NY,,Closed,https://www.linkedin.com/jobs/view/4381757469/,9
4401116893,Axiom Global Technologies,Telecom Data AnalystAxiom Global Technologies · United States (Remote)Applied 3w ago(No longer accepting applications),United States (Remote),Remote,United States,,,Closed,https://www.linkedin.com/jobs/view/4401116893/,9
4402043429,Helic & Co.,Junior Data AnalystHelic & Co. · United States (Remote)Applied 3w ago(No longer accepting applications),United States (Remote),Remote,United States,,,Closed,https://www.linkedin.com/jobs/view/4402043429/,10
4399989754,OCCASION,Risk Management AnalystOCCASION · United States (Remote)Applied 3w ago(No longer accepting applications),United States (Remote),Remote,United States,,,Closed,https://www.linkedin.com/jobs/view/4399989754/,10
4399692832,American Logistics,Data EngineerAmerican Logistics · United States (Remote)Applied 3w ago(No longer accepting applications),United States (Remote),Remote,United States,,,Closed,https://www.linkedin.com/jobs/view/4399692832/,10
4399697343,Zeektek,Data Analyst – SQL/ETL/SnowflakeZeektek · United States (Remote)Applied 3w ago(No longer accepting applications),United States (Remote),Remote,United States,,,Closed,https://www.linkedin.com/jobs/view/4399697343/,10
4401339979,Helic & Co.,Junior Data AnalystHelic & Co. · United States (Remote)Applied 3w ago(No longer accepting applications),United States (Remote),Remote,United States,,,Closed,https://www.linkedin.com/jobs/view/4401339979/,10
4401749473,Clearsense,Data Engineer (Healthcare ETL / HL7 / Data Migration)Clearsense · United States (Remote)Applied 3w ago(Posted 4w ago),United States (Remote),Remote,United States,,,Applied,https://www.linkedin.com/jobs/view/4401749473/,10
4399833555,First Advantage,Product Data Analyst (US Remote)First Advantage · United States (Remote)Applied 3w ago(Reposted 3w ago),United States (Remote),Remote,United States,,,Applied,https://www.linkedin.com/jobs/view/4399833555/,10
4386949570,Traackr,Data EngineerTraackr · United States (Remote)Applied 3w ago(Posted 1mo ago),United States (Remote),Remote,United States,,,Applied,https://www.linkedin.com/jobs/view/4386949570/,10
4393226332,AMISEQ,"People Operations AnalystAMISEQ · Oakland, CA (Remote)Applied 1mo ago(No longer accepting applications)","Oakland, CA (Remote)",Remote,Oakland,CA,,Closed,https://www.linkedin.com/jobs/view/4393226332/,10
4301504793,Alpha Search Advisors,"Quantitative DeveloperAlpha Search Advisors · New York, NY (On-site)Applied 7mo ago(No longer accepting applications)","New York, NY (On-site)",Onsite,New York,NY,,Closed,https://www.linkedin.com/jobs/view/4301504793/,10
4393009719,DetaPent,"Entry-Level AI/ML EngineerDetaPent · Virginia, United States (Remote)Applied 1mo ago(No longer accepting applications)","Virginia, United States (Remote)",Remote,"Virginia, United States",,,Closed,https://www.linkedin.com/jobs/view/4393009719/,11
4304184030,UNIQLO,"Customer Experience AnalystUNIQLO · Kearny, NJ (On-site)Applied 3mo ago(No longer accepting applications)","Kearny, NJ (On-site)",Onsite,Kearny,NJ,,Closed,https://www.linkedin.com/jobs/view/4304184030/,11
4343657761,Plymouth Rock Assurance,"Product AnalystPlymouth Rock Assurance · Woodbridge, NJ (On-site)Applied 3mo ago(No longer accepting applications)","Woodbridge, NJ (On-site)",Onsite,Woodbridge,NJ,,Closed,https://www.linkedin.com/jobs/view/4343657761/,11
4395163526,KamisPro,Technical Business Analyst - Salesforce (nonprofit)KamisPro · United States (Remote)Applied 1mo ago(No longer accepting applications),United States (Remote),Remote,United States,,,Closed,https://www.linkedin.com/jobs/view/4395163526/,11
4383257666,Nitrogen,Analytics EngineerNitrogen · United States (Remote)Applied 1mo ago(No longer accepting applications),United States (Remote),Remote,United States,,,Closed,https://www.linkedin.com/jobs/view/4383257666/,11
4386983581,Simbe,Robot Operations EngineerSimbe · United States (Remote)Applied 1mo ago(Posted 1mo ago),United States (Remote),Remote,United States,,,Applied,https://www.linkedin.com/jobs/view/4386983581/,11
4372644472,JCW Group,Quantitative AnalystJCW Group · United States (Remote)Applied 1mo ago(Reposted 1mo ago),United States (Remote),Remote,United States,,,Applied,https://www.linkedin.com/jobs/view/4372644472/,11
4373820014,v4c.ai,Data Engineerv4c.ai · United States (Remote)Applied 1mo ago(No longer accepting applications),United States (Remote),Remote,United States,,,Closed,https://www.linkedin.com/jobs/view/4373820014/,11
4392484170,Convey Health Solutions,Data Visualization AnalystConvey Health Solutions · United States (Remote)Applied 1mo ago(No longer accepting applications),United States (Remote),Remote,United States,,,Closed,https://www.linkedin.com/jobs/view/4392484170/,11
4383309799,JeroTec Digital Recruitment,AI EngineerJeroTec Digital Recruitment  · United States (Remote)Applied 1mo ago(No longer accepting applications),United States (Remote),Remote,United States,,,Closed,https://www.linkedin.com/jobs/view/4383309799/,11
4393577877,Tailored Management,Business AnalystTailored Management · United States (Remote)Applied 1mo ago(No longer accepting applications),United States (Remote),Remote,United States,,,Closed,https://www.linkedin.com/jobs/view/4393577877/,12
4328854165,"SiloSmashers, Inc.","Junior Data AnalystSiloSmashers, Inc. · Washington, DC (On-site)Applied 4mo ago(No longer accepting applications)","Washington, DC (On-site)",Onsite,Washington,DC,,Closed,https://www.linkedin.com/jobs/view/4328854165/,12
4391899849,Optomi,Business AnalystOptomi · San Francisco Bay Area (Remote)Applied 1mo ago(No longer accepting applications),San Francisco Bay Area (Remote),Remote,San Francisco Bay Area,,,Closed,https://www.linkedin.com/jobs/view/4391899849/,12
4391899374,Unishippers - Hudson Group,Entry-Level Sales Representative | Base Salary + Uncapped Commission (Fully Remote)Unishippers - Hudson Group · United States (Remote)Applied 1mo ago(No longer accepting applications),United States (Remote),Remote,United States,,,Closed,https://www.linkedin.com/jobs/view/4391899374/,12
4354690515,Macy's,"Assistant, Product ManagementMacy's · New York City Metropolitan Area (On-site)Applied 3mo ago(No longer accepting applications)",New York City Metropolitan Area (On-site),Onsite,New York City Metropolitan Area,,,Closed,https://www.linkedin.com/jobs/view/4354690515/,12
4354557423,Macy's,Assistant Product ManagerMacy's · New York City Metropolitan Area (On-site)Applied 3mo ago(No longer accepting applications),New York City Metropolitan Area (On-site),Onsite,New York City Metropolitan Area,,,Closed,https://www.linkedin.com/jobs/view/4354557423/,12
4380493667,"Sungrow Power Supply Co., Ltd.","Data Analyst – Markets & StrategySungrow Power Supply Co., Ltd. · United States (Remote)Applied 1mo ago(No longer accepting applications)",United States (Remote),Remote,United States,,,Closed,https://www.linkedin.com/jobs/view/4380493667/,12
4392088909,James Search Group,Data AnalystJames Search Group · United States (Remote)Applied 1mo ago(No longer accepting applications),United States (Remote),Remote,United States,,,Closed,https://www.linkedin.com/jobs/view/4392088909/,12
4369977489,Jenner & Block,"AI AnalystJenner & Block · Chicago, IL (Hybrid)Applied 2mo ago(No longer accepting applications)","Chicago, IL (Hybrid)",Hybrid,Chicago,IL,,Closed,https://www.linkedin.com/jobs/view/4369977489/,12
4393935918,Quest Global,Performance Modeling EngineerQuest Global · United States (Remote)Applied 1mo ago(No longer accepting applications),United States (Remote),Remote,United States,,,Closed,https://www.linkedin.com/jobs/view/4393935918/,12
4392422611,American Technology Consulting - ATC,"Data AnalystAmerican Technology Consulting - ATC · New York, United States (On-site)Applied 1mo ago(No longer accepting applications)","New York, United States (On-site)",Onsite,"New York, United States",,,Closed,https://www.linkedin.com/jobs/view/4392422611/,13
4393003577,"Infoshare Systems, Inc.","Data Analyst (BI/Power-BI/Python)Infoshare Systems, Inc. · United States (Remote)Applied 1mo ago(No longer accepting applications)",United States (Remote),Remote,United States,,,Closed,https://www.linkedin.com/jobs/view/4393003577/,13
4395577301,Creative Circle,"A/B Testing / Conversion Rate SpecialistCreative Circle · New York, NY (Remote)Applied 1mo ago(No longer accepting applications)","New York, NY (Remote)",Remote,New York,NY,,Closed,https://www.linkedin.com/jobs/view/4395577301/,13
4383263181,Fairly,"AI Operations AnalystFairly · Portland, OR (Remote)Applied 1mo ago(No longer accepting applications)","Portland, OR (Remote)",Remote,Portland,OR,,Closed,https://www.linkedin.com/jobs/view/4383263181/,13
4377769176,The Phoenix Group,Data EngineerThe Phoenix Group · United States (Remote)Applied 1mo ago(No longer accepting applications),United States (Remote),Remote,United States,,,Closed,https://www.linkedin.com/jobs/view/4377769176/,13
4392434034,Abacus Service Corporation,"Power BI DeveloperAbacus Service Corporation · Oakland, CA (Hybrid)Applied 1mo ago(No longer accepting applications)","Oakland, CA (Hybrid)",Hybrid,Oakland,CA,,Closed,https://www.linkedin.com/jobs/view/4392434034/,13
4392103561,Jobility,"Business AnalystJobility · Ohio, United States (Remote)Applied 1mo ago(No longer accepting applications)","Ohio, United States (Remote)",Remote,"Ohio, United States",,,Closed,https://www.linkedin.com/jobs/view/4392103561/,13
4393254919,Addition Management,"Human Resources AnalystAddition Management · New York, NY (Hybrid)Applied 1mo ago(No longer accepting applications)","New York, NY (Hybrid)",Hybrid,New York,NY,,Closed,https://www.linkedin.com/jobs/view/4393254919/,13
4366807129,Aceolution,Python DeveloperAceolution · United States (Remote)Applied 2mo ago(No longer accepting applications),United States (Remote),Remote,United States,,,Closed,https://www.linkedin.com/jobs/view/4366807129/,14
4346556251,Macy's,Site Analytics AnalystMacy's · New York City Metropolitan Area (On-site)Applied 3mo ago(No longer accepting applications),New York City Metropolitan Area (On-site),Onsite,New York City Metropolitan Area,,,Closed,https://www.linkedin.com/jobs/view/4346556251/,14
4346457133,Macy's,Business Analyst SpecialistMacy's · New York City Metropolitan Area (On-site)Applied 3mo ago(No longer accepting applications),New York City Metropolitan Area (On-site),Onsite,New York City Metropolitan Area,,,Closed,https://www.linkedin.com/jobs/view/4346457133/,14
4346319987,Atlantic Group,Data Reporting AnalystAtlantic Group · New York City Metropolitan Area (Hybrid)Applied 3mo ago(No longer accepting applications),New York City Metropolitan Area (Hybrid),Hybrid,New York City Metropolitan Area,,,Closed,https://www.linkedin.com/jobs/view/4346319987/,14
4333278831,Liza Health,"Data EngineerLiza Health · Cambridge, MA (On-site)Applied 2mo ago(No longer accepting applications)","Cambridge, MA (On-site)",Onsite,Cambridge,MA,,Closed,https://www.linkedin.com/jobs/view/4333278831/,14
4329047429,Lenmar Consulting Inc,"Entry Level Brokerage / Trading Operations AnalystsLenmar Consulting Inc · Baltimore, MD (Hybrid)Applied 4mo ago(No longer accepting applications)","Baltimore, MD (Hybrid)",Hybrid,Baltimore,MD,,Closed,https://www.linkedin.com/jobs/view/4329047429/,14
4369182139,VLM Run,"Founding Developer RelationsVLM Run · California, United States (Remote)Applied 2mo ago(No longer accepting applications)","California, United States (Remote)",Remote,"California, United States",,,Closed,https://www.linkedin.com/jobs/view/4369182139/,14
4352420193,Fanduel Inc.,"AnalystFanduel Inc. · New York, NY (Hybrid)Applied 3mo ago(No longer accepting applications)","New York, NY (Hybrid)",Hybrid,New York,NY,,Closed,https://www.linkedin.com/jobs/view/4352420193/,14
4370571164,Tech Systems Inc. (TSi),"Financial Analyst (Junior-Mid Level)Tech Systems Inc. (TSi) · Atlanta, GA (On-site)Applied 2mo ago(No longer accepting applications)","Atlanta, GA (On-site)",Onsite,Atlanta,GA,,Closed,https://www.linkedin.com/jobs/view/4370571164/,14
4331199039,Truveris,AnalystTruveris · United States (Remote)Applied 6mo ago(No longer accepting applications),United States (Remote),Remote,United States,,,Closed,https://www.linkedin.com/jobs/view/4331199039/,14
4353135462,Fanduel Inc.,"Marketing Technology & Operations AnalystFanduel Inc. · New York, NY (Hybrid)Applied 3mo ago(No longer accepting applications)","New York, NY (Hybrid)",Hybrid,New York,NY,,Closed,https://www.linkedin.com/jobs/view/4353135462/,15
4364882731,C2R Ventures,"Business AnalystC2R Ventures · Islip, NY (Hybrid)Applied 3mo ago(No longer accepting applications)","Islip, NY (Hybrid)",Hybrid,Islip,NY,,Closed,https://www.linkedin.com/jobs/view/4364882731/,15
4345304669,Gresham Partners,"Investment Operations AnalystGresham Partners · Chicago, IL (Hybrid)Applied 3mo ago(No longer accepting applications)","Chicago, IL (Hybrid)",Hybrid,Chicago,IL,,Closed,https://www.linkedin.com/jobs/view/4345304669/,15
4372172071,Savills North America,Business Intelligence AnalystSavills North America · New York City Metropolitan Area (On-site)Applied 2mo ago(No longer accepting applications),New York City Metropolitan Area (On-site),Onsite,New York City Metropolitan Area,,,Closed,https://www.linkedin.com/jobs/view/4372172071/,15
4369256556,IRAS Group,"Accounting AnalystIRAS Group · Miami, FL (On-site)Applied 2mo ago(No longer accepting applications)","Miami, FL (On-site)",Onsite,Miami,FL,,Closed,https://www.linkedin.com/jobs/view/4369256556/,15
4371438267,Matlen Silver,"Python Financial EngineerMatlen Silver · New York, NY (Hybrid)Applied 2mo ago(No longer accepting applications)","New York, NY (Hybrid)",Hybrid,New York,NY,,Closed,https://www.linkedin.com/jobs/view/4371438267/,15
4362422887,MAXIMAI Investment Partners,"Investment AnalystMAXIMAI Investment Partners · Coral Gables, FL (On-site)Applied 2mo ago(No longer accepting applications)","Coral Gables, FL (On-site)",Onsite,Coral Gables,FL,,Closed,https://www.linkedin.com/jobs/view/4362422887/,15
4281383833,Bear Claw,"Business Development SpecialistBear Claw · Evanston, IL (On-site)Applied 3mo ago(No longer accepting applications)","Evanston, IL (On-site)",Onsite,Evanston,IL,,Closed,https://www.linkedin.com/jobs/view/4281383833/,15
4299894567,Jet OUT,"Business Development AssociateJet OUT · Chicago, IL (Hybrid)Applied 7mo ago(No longer accepting applications)","Chicago, IL (Hybrid)",Hybrid,Chicago,IL,,Closed,https://www.linkedin.com/jobs/view/4299894567/,15
4369619971,Integra Connect,Data EngineerIntegra Connect · United States (Remote)Applied 3mo ago(No longer accepting applications),United States (Remote),Remote,United States,,,Closed,https://www.linkedin.com/jobs/view/4369619971/,15
4370206015,The Planet Group,"Associate AI Business AnalystThe Planet Group · Manhattan, NY (On-site)Applied 2mo ago(No longer accepting applications)","Manhattan, NY (On-site)",Onsite,Manhattan,NY,,Closed,https://www.linkedin.com/jobs/view/4370206015/,16
4359576206,Northwestern Medicine,"Analytics DeveloperNorthwestern Medicine · Chicago, IL (Hybrid)Applied 3mo ago(No longer accepting applications)","Chicago, IL (Hybrid)",Hybrid,Chicago,IL,,Closed,https://www.linkedin.com/jobs/view/4359576206/,16
4313239310,"Proficio Capital Partners, LLC","Junior Research AnalystProficio Capital Partners, LLC · Boston, MA (On-site)Applied 3mo ago(No longer accepting applications)","Boston, MA (On-site)",Onsite,Boston,MA,,Closed,https://www.linkedin.com/jobs/view/4313239310/,16
4341575182,Xenia,"Founding Product ManagerXenia · Chicago, IL (On-site)Applied 3mo ago(No longer accepting applications)","Chicago, IL (On-site)",Onsite,Chicago,IL,,Closed,https://www.linkedin.com/jobs/view/4341575182/,16
4369153519,TransPerfect,Junior ESI AnalystTransPerfect · Washington DC-Baltimore Area (Hybrid)Applied 3mo ago(No longer accepting applications),Washington DC-Baltimore Area (Hybrid),Hybrid,Washington DC-Baltimore Area,,,Closed,https://www.linkedin.com/jobs/view/4369153519/,16
4361020811,Evolve Group,Quantitative DeveloperEvolve Group · New York City Metropolitan Area (On-site)Applied 3mo ago(No longer accepting applications),New York City Metropolitan Area (On-site),Onsite,New York City Metropolitan Area,,,Closed,https://www.linkedin.com/jobs/view/4361020811/,16
4354460730,Stockx,"Product Marketing ManagerStockx · Detroit, MI (On-site)Applied 3mo ago(No longer accepting applications)","Detroit, MI (On-site)",Onsite,Detroit,MI,,Closed,https://www.linkedin.com/jobs/view/4354460730/,16
4354057740,Nucleus Talent,"Associate, Talent IntelligenceNucleus Talent · San Francisco Bay Area (Hybrid)Applied 3mo ago(No longer accepting applications)",San Francisco Bay Area (Hybrid),Hybrid,San Francisco Bay Area,,,Closed,https://www.linkedin.com/jobs/view/4354057740/,16
4326590832,Trace3,Data & AnalyticsTrace3 · United States (Remote)Applied 4mo ago(No longer accepting applications),United States (Remote),Remote,United States,,,Closed,https://www.linkedin.com/jobs/view/4326590832/,16
4317203984,Carrot Fertility,Data EngineerCarrot Fertility · United States (Remote)Applied 3mo ago(No longer accepting applications),United States (Remote),Remote,United States,,,Closed,https://www.linkedin.com/jobs/view/4317203984/,17
4371883594,"Harvard Partners, LLP","Business AnalystHarvard Partners, LLP · Arlington, VA (Hybrid)Applied 2mo ago(No longer accepting applications)","Arlington, VA (Hybrid)",Hybrid,Arlington,VA,,Closed,https://www.linkedin.com/jobs/view/4371883594/,17
4348417603,Montway Auto Transport,"Marketing Performance Analyst – Digital CommerceMontway Auto Transport · Schaumburg, IL (Hybrid)Applied 3mo ago(No longer accepting applications)","Schaumburg, IL (Hybrid)",Hybrid,Schaumburg,IL,,Closed,https://www.linkedin.com/jobs/view/4348417603/,17
4331167993,Accellor,"Product Manager, Retail & E-commerceAccellor · Chicago, IL (Remote)Applied 3mo ago(No longer accepting applications)","Chicago, IL (Remote)",Remote,Chicago,IL,,Closed,https://www.linkedin.com/jobs/view/4331167993/,17
4370325695,Next Venture,"Client Solutions AssociateNext Venture · San Francisco, CA (Hybrid)Applied 2mo ago(No longer accepting applications)","San Francisco, CA (Hybrid)",Hybrid,San Francisco,CA,,Closed,https://www.linkedin.com/jobs/view/4370325695/,17
4369186330,"IDR, Inc.","Data Analyst IIDR, Inc. · Brentwood, TN (Hybrid)Applied 3mo ago(No longer accepting applications)","Brentwood, TN (Hybrid)",Hybrid,Brentwood,TN,,Closed,https://www.linkedin.com/jobs/view/4369186330/,17
4366781507,Bradesco Bank,"Data AnalystBradesco Bank · Coral Gables, FL (On-site)Applied 2mo ago(No longer accepting applications)","Coral Gables, FL (On-site)",Onsite,Coral Gables,FL,,Closed,https://www.linkedin.com/jobs/view/4366781507/,17
4362442323,Nerd Apply,"Data SpecialistNerd Apply · New York, NY (On-site)Applied 3mo ago(No longer accepting applications)","New York, NY (On-site)",Onsite,New York,NY,,Closed,https://www.linkedin.com/jobs/view/4362442323/,17
4361574086,Tetrix,"Finance & Operations Analyst (New York or Montreal)Tetrix · New York, NY (On-site)Applied 3mo ago(No longer accepting applications)","New York, NY (On-site)",Onsite,New York,NY,,Closed,https://www.linkedin.com/jobs/view/4361574086/,17
4329857888,Roe,"Software Engineer, AI AgentRoe · San Francisco Bay Area (Hybrid)Applied 2mo ago(No longer accepting applications)",San Francisco Bay Area (Hybrid),Hybrid,San Francisco Bay Area,,,Closed,https://www.linkedin.com/jobs/view/4329857888/,17
4354688453,"John B. Sanfilippo & Son, Inc.","Associate Product ManagerJohn B. Sanfilippo & Son, Inc. · Elgin, IL (On-site)Applied 3mo ago(No longer accepting applications)","Elgin, IL (On-site)",Onsite,Elgin,IL,,Closed,https://www.linkedin.com/jobs/view/4354688453/,18
4348501601,Fanduel Inc.,"Digital Analytics Implementation SpecialistFanduel Inc. · New York, NY (Hybrid)Applied 3mo ago(No longer accepting applications)","New York, NY (Hybrid)",Hybrid,New York,NY,,Closed,https://www.linkedin.com/jobs/view/4348501601/,18
4372106041,Kforce Inc,"Data Analyst - CasinoKforce Inc · Miami, FL (Hybrid)Applied 2mo ago(No longer accepting applications)","Miami, FL (Hybrid)",Hybrid,Miami,FL,,Closed,https://www.linkedin.com/jobs/view/4372106041/,18
4363780559,Haptiq,"Product ManagerHaptiq · New York, NY (Hybrid)Applied 3mo ago(No longer accepting applications)","New York, NY (Hybrid)",Hybrid,New York,NY,,Closed,https://www.linkedin.com/jobs/view/4363780559/,18
4369669478,Adore Me,"Marketplace Data AnalystAdore Me · New York, United States (Hybrid)Applied 3mo ago(No longer accepting applications)","New York, United States (Hybrid)",Hybrid,"New York, United States",,,Closed,https://www.linkedin.com/jobs/view/4369669478/,18
4355719925,"The Mather Group, LLC","Operations AssociateThe Mather Group, LLC · Chicago, IL (Hybrid)Applied 3mo ago(No longer accepting applications)","Chicago, IL (Hybrid)",Hybrid,Chicago,IL,,Closed,https://www.linkedin.com/jobs/view/4355719925/,18
4366254097,LHH,"Financial AnalystLHH · Hudson County, NJ (Hybrid)Applied 3mo ago(No longer accepting applications)","Hudson County, NJ (Hybrid)",Hybrid,Hudson County,NJ,,Closed,https://www.linkedin.com/jobs/view/4366254097/,18
4355799755,RED Global,"Salesforce Business AnalystRED Global · Bridgewater, NJ (On-site)Applied 3mo ago(No longer accepting applications)","Bridgewater, NJ (On-site)",Onsite,Bridgewater,NJ,,Closed,https://www.linkedin.com/jobs/view/4355799755/,18
4365879104,Murray Resources - Best Staffing Agency,Risk AnalystMurray Resources - Best Staffing Agency · San Francisco Bay Area (Hybrid)Applied 3mo ago(No longer accepting applications),San Francisco Bay Area (Hybrid),Hybrid,San Francisco Bay Area,,,Closed,https://www.linkedin.com/jobs/view/4365879104/,18
4355689040,McCANN New York,"Search AnalystMcCANN New York · Boston, MA (Hybrid)Applied 3mo ago(No longer accepting applications)","Boston, MA (Hybrid)",Hybrid,Boston,MA,,Closed,https://www.linkedin.com/jobs/view/4355689040/,18
4361033798,Jobot,"ENTRY LEVEL Financial AnalystJobot · Irvine, CA (On-site)Applied 3mo ago(No longer accepting applications)","Irvine, CA (On-site)",Onsite,Irvine,CA,,Closed,https://www.linkedin.com/jobs/view/4361033798/,19
4357487929,Jobot,"Machine Learning AI EngineerJobot · Santa Monica, CA (On-site)Applied 3mo ago(No longer accepting applications)","Santa Monica, CA (On-site)",Onsite,Santa Monica,CA,,Closed,https://www.linkedin.com/jobs/view/4357487929/,19
4357428008,Jobot,"Frontend/AI EngineerJobot · New York, NY (On-site)Applied 3mo ago(No longer accepting applications)","New York, NY (On-site)",Onsite,New York,NY,,Closed,https://www.linkedin.com/jobs/view/4357428008/,19
4321447149,The Intersect Group,"IT Business AnalystThe Intersect Group · Irving, TX (Hybrid)Applied 3mo ago(No longer accepting applications)","Irving, TX (Hybrid)",Hybrid,Irving,TX,,Closed,https://www.linkedin.com/jobs/view/4321447149/,19
4359823269,Mondrian Alpha,"Trading Operations Analyst (Systematic) - Prop Trading Firm - Up to $250k TC + Amazing benefits!Mondrian Alpha · New York, United States (On-site)Applied 3mo ago(No longer accepting applications)","New York, United States (On-site)",Onsite,"New York, United States",,,Closed,https://www.linkedin.com/jobs/view/4359823269/,19
4103786582,xAI,"AI Engineer & Researcher - GPU KernelxAI · Palo Alto, CA (Hybrid)Applied 8mo ago(No longer accepting applications)","Palo Alto, CA (Hybrid)",Hybrid,Palo Alto,CA,,Closed,https://www.linkedin.com/jobs/view/4103786582/,19
4300092615,Roku,"Salesforce Business AnalystRoku · Santa Monica, CA (Hybrid)Applied 3mo ago(No longer accepting applications)","Santa Monica, CA (Hybrid)",Hybrid,Santa Monica,CA,,Closed,https://www.linkedin.com/jobs/view/4300092615/,19
4359468206,"Bectran, Inc.","Product SpecialistBectran, Inc. · Greater Chicago Area (On-site)Applied 3mo ago(No longer accepting applications)",Greater Chicago Area (On-site),Onsite,Greater Chicago Area,,,Closed,https://www.linkedin.com/jobs/view/4359468206/,19
4292563890,CGS Federal (Contact Government Services),Intelligence AnalystCGS Federal (Contact Government Services) · United States (Remote)Applied 8mo ago(No longer accepting applications),United States (Remote),Remote,United States,,,Closed,https://www.linkedin.com/jobs/view/4292563890/,19
4295410169,Fiducient Advisors,"Consulting Analyst - InstitutionalFiducient Advisors · Chicago, IL (Hybrid)Applied 7mo ago(No longer accepting applications)","Chicago, IL (Hybrid)",Hybrid,Chicago,IL,,Closed,https://www.linkedin.com/jobs/view/4295410169/,19
4340944876,Fanduel Inc.,"Product AnalystFanduel Inc. · New York, NY (Hybrid)Applied 3mo ago(No longer accepting applications)","New York, NY (Hybrid)",Hybrid,New York,NY,,Closed,https://www.linkedin.com/jobs/view/4340944876/,20
4325732125,Nautica,Product Development AssociateNautica · New York City Metropolitan Area (Hybrid)Applied 3mo ago(No longer accepting applications),New York City Metropolitan Area (Hybrid),Hybrid,New York City Metropolitan Area,,,Closed,https://www.linkedin.com/jobs/view/4325732125/,20
4279708457,Bankers Life,"Financial Services ProfessionalBankers Life · Grand Rapids, MI (Hybrid)Applied 7mo ago(No longer accepting applications)","Grand Rapids, MI (Hybrid)",Hybrid,Grand Rapids,MI,,Closed,https://www.linkedin.com/jobs/view/4279708457/,20
4369929809,Guidant Financial,"Retirement Plan Operations SpecialistGuidant Financial · New Orleans, LA (Remote)Applied 3mo ago(No longer accepting applications)","New Orleans, LA (Remote)",Remote,New Orleans,LA,,Closed,https://www.linkedin.com/jobs/view/4369929809/,20
4370120004,FRANdata,"Data Management Specialist/AnalystFRANdata · Arlington, VA (Hybrid)Applied 2mo ago(No longer accepting applications)","Arlington, VA (Hybrid)",Hybrid,Arlington,VA,,Closed,https://www.linkedin.com/jobs/view/4370120004/,20
4352653724,Mentor Talent Acquisition,"Product DesignerMentor Talent Acquisition · New York, NY (On-site)Applied 3mo ago(No longer accepting applications)","New York, NY (On-site)",Onsite,New York,NY,,Closed,https://www.linkedin.com/jobs/view/4352653724/,20
4366762761,AMS Staffing Inc.,"Financial Analyst- 3526614AMS Staffing Inc. · New York, NY (Hybrid)Applied 3mo ago(No longer accepting applications)","New York, NY (Hybrid)",Hybrid,New York,NY,,Closed,https://www.linkedin.com/jobs/view/4366762761/,20
4306542894,moomoo,"Junior Integrated Marketing Specialistmoomoo  · Jersey City, NJ (On-site)Applied 3mo ago(No longer accepting applications)","Jersey City, NJ (On-site)",Onsite,Jersey City,NJ,,Closed,https://www.linkedin.com/jobs/view/4306542894/,20
4359845309,Turn2Partners,"Compensation AnalystTurn2Partners · Ellicott City, MD (On-site)Applied 3mo ago(No longer accepting applications)","Ellicott City, MD (On-site)",Onsite,Ellicott City,MD,,Closed,https://www.linkedin.com/jobs/view/4359845309/,20
4352454148,Atlas Search,"Private Equity Operations AnalystAtlas Search · Alexandria, VA (On-site)Applied 3mo ago(No longer accepting applications)","Alexandria, VA (On-site)",Onsite,Alexandria,VA,,Closed,https://www.linkedin.com/jobs/view/4352454148/,20
4361001675,Hunter Bond,"Junior Software Engineer (Python or Java) - Up to $110,000Hunter Bond · Boston, MA (On-site)Applied 3mo ago(No longer accepting applications)","Boston, MA (On-site)",Onsite,Boston,MA,,Closed,https://www.linkedin.com/jobs/view/4361001675/,21
4361061051,BeaconFire Inc.,"Python DeveloperBeaconFire Inc. · New Jersey, United States (On-site)Applied 3mo ago(No longer accepting applications)","New Jersey, United States (On-site)",Onsite,"New Jersey, United States",,,Closed,https://www.linkedin.com/jobs/view/4361061051/,21
4359834976,Nexnovels LLC,"Data EngineerNexnovels LLC · Dallas, TX (On-site)Applied 3mo ago(No longer accepting applications)","Dallas, TX (On-site)",Onsite,Dallas,TX,,Closed,https://www.linkedin.com/jobs/view/4359834976/,21
4362225642,Stealth Startup,"Entry-Level Python Engineer [32868]Stealth Startup · Boston, MA (Remote)Applied 2mo ago(No longer accepting applications)","Boston, MA (Remote)",Remote,Boston,MA,,Closed,https://www.linkedin.com/jobs/view/4362225642/,21
4372116387,Few&Far,Product Data AnalystFew&Far · New York City Metropolitan Area (Hybrid)Applied 2mo ago(No longer accepting applications),New York City Metropolitan Area (Hybrid),Hybrid,New York City Metropolitan Area,,,Closed,https://www.linkedin.com/jobs/view/4372116387/,21
4337473434,Fanduel Inc.,"Product AnalystFanduel Inc. · Atlanta, GA (Hybrid)Applied 6mo ago(No longer accepting applications)","Atlanta, GA (Hybrid)",Hybrid,Atlanta,GA,,Closed,https://www.linkedin.com/jobs/view/4337473434/,21
4364967582,"OmniVista Consulting— CMMI L3, 8(a), EDWOSB, ISO 9001, 20000, 27001","Remote ServiceNow Finance & Supply Chain DeveloperOmniVista Consulting— CMMI L3, 8(a), EDWOSB, ISO 9001, 20000, 27001 · Washington DC-Baltimore Area (Remote)Applied 2mo ago(No longer accepting applications)",Washington DC-Baltimore Area (Remote),Remote,Washington DC-Baltimore Area,,,Closed,https://www.linkedin.com/jobs/view/4364967582/,21
4371560291,Droisys,Data AnalystDroisys · United States (Remote)Applied 2mo ago(No longer accepting applications),United States (Remote),Remote,United States,,,Closed,https://www.linkedin.com/jobs/view/4371560291/,21
4371625190,The Value Maximizer,"Junior Software EngineerThe Value Maximizer · New Jersey, United States (On-site)Applied 2mo ago(No longer accepting applications)","New Jersey, United States (On-site)",Onsite,"New Jersey, United States",,,Closed,https://www.linkedin.com/jobs/view/4371625190/,21
4369547419,Sturbridge Capital,"Investment AnalystSturbridge Capital · Birmingham, MI (On-site)Applied 2mo ago(Posted 3mo ago)","Birmingham, MI (On-site)",Onsite,Birmingham,MI,,Applied,https://www.linkedin.com/jobs/view/4369547419/,21
4359030663,District 4 Labs,"Dark Web Collections AnalystDistrict 4 Labs · New York, NY (Hybrid)Applied 2mo ago(No longer accepting applications)","New York, NY (Hybrid)",Hybrid,New York,NY,,Closed,https://www.linkedin.com/jobs/view/4359030663/,22
4087387688,Datasent,"Back End DeveloperDatasent · Austin, Texas Metropolitan Area (Hybrid)Applied 2mo ago(Posted 4mo ago)","Austin, Texas Metropolitan Area (Hybrid)",Hybrid,"Austin, Texas Metropolitan Area",,,Applied,https://www.linkedin.com/jobs/view/4087387688/,22
4371610456,PayrAdvisors,"Payer Contract AnalystPayrAdvisors · Nashville, TN (On-site)Applied 2mo ago(No longer accepting applications)","Nashville, TN (On-site)",Onsite,Nashville,TN,,Closed,https://www.linkedin.com/jobs/view/4371610456/,22
4371151797,Emonics LLC,"Python Developer, Entry LevelEmonics LLC · New York, United States (On-site)Applied 2mo ago(No longer accepting applications)","New York, United States (On-site)",Onsite,"New York, United States",,,Closed,https://www.linkedin.com/jobs/view/4371151797/,22
4366898655,DetaPent,"Junior Data AnalystDetaPent · Austin, Texas Metropolitan Area (Remote)Applied 2mo ago(No longer accepting applications)","Austin, Texas Metropolitan Area (Remote)",Remote,"Austin, Texas Metropolitan Area",,,Closed,https://www.linkedin.com/jobs/view/4366898655/,22
4362841725,SourceFactor,"Python DeveloperSourceFactor · Washington, DC (Hybrid)Applied 2mo ago(No longer accepting applications)","Washington, DC (Hybrid)",Hybrid,Washington,DC,,Closed,https://www.linkedin.com/jobs/view/4362841725/,22
4368512117,Watchtower Labs,"UX Developer (Frontend Systems & Design at Scale)Watchtower Labs · Bellevue, WA (On-site)Applied 2mo ago(Posted 3mo ago)","Bellevue, WA (On-site)",Onsite,Bellevue,WA,,Applied,https://www.linkedin.com/jobs/view/4368512117/,22
4346295265,American Halal Foundation | Halal Certification Agency,Business Development AssociateAmerican Halal Foundation | Halal Certification Agency · United States (Remote)Applied 2mo ago(No longer accepting applications),United States (Remote),Remote,United States,,,Closed,https://www.linkedin.com/jobs/view/4346295265/,22
4371473082,Public Works Partners,"Manager/Analyst, Client ServicesPublic Works Partners · New York, NY (Hybrid)Applied 2mo ago(No longer accepting applications)","New York, NY (Hybrid)",Hybrid,New York,NY,,Closed,https://www.linkedin.com/jobs/view/4371473082/,22
4371522388,AARATECH,"Business AnalystAARATECH · New York, NY (On-site)Applied 2mo ago(No longer accepting applications)","New York, NY (On-site)",Onsite,New York,NY,,Closed,https://www.linkedin.com/jobs/view/4371522388/,22
4371155571,Emonics LLC,"Software Engineer, Entry LevelEmonics LLC · Dallas, TX (On-site)Applied 2mo ago(No longer accepting applications)","Dallas, TX (On-site)",Onsite,Dallas,TX,,Closed,https://www.linkedin.com/jobs/view/4371155571/,23
4362115041,Nexien Inc.,"Business AnalystNexien Inc. · Ridgefield Park, NJ (On-site)Applied 3mo ago(No longer accepting applications)","Ridgefield Park, NJ (On-site)",Onsite,Ridgefield Park,NJ,,Closed,https://www.linkedin.com/jobs/view/4362115041/,23
4321476418,Dexian,"Business Systems AnalystDexian · San Francisco, CA (On-site)Applied 3mo ago(No longer accepting applications)","San Francisco, CA (On-site)",Onsite,San Francisco,CA,,Closed,https://www.linkedin.com/jobs/view/4321476418/,23
4256328801,Hyundai Autoever America,"10840-Technical Operations Engineer (GIS)Hyundai Autoever America · Costa Mesa, CA (On-site)Applied 8mo ago(No longer accepting applications)","Costa Mesa, CA (On-site)",Onsite,Costa Mesa,CA,,Closed,https://www.linkedin.com/jobs/view/4256328801/,23
4359640920,"Trusted Media Brands, Inc.","Data ScientistTrusted Media Brands, Inc. · United States (Remote)Applied 3mo ago(No longer accepting applications)",United States (Remote),Remote,United States,,,Closed,https://www.linkedin.com/jobs/view/4359640920/,23
4312196226,HR&A Advisors,"Analyst, Real EstateHR&A Advisors · Washington, DC (On-site)Applied 3mo ago(No longer accepting applications)","Washington, DC (On-site)",Onsite,Washington,DC,,Closed,https://www.linkedin.com/jobs/view/4312196226/,23
4324921960,Medzown,"Data Analyst, Reporting & InsightsMedzown · United States (Remote)Applied 4mo ago(No longer accepting applications)",United States (Remote),Remote,United States,,,Closed,https://www.linkedin.com/jobs/view/4324921960/,23
4359885871,Microsoft,"Junior Data AnalystMicrosoft · Washington, United States (Remote)Applied 3mo ago(No longer accepting applications)","Washington, United States (Remote)",Remote,"Washington, United States",,,Closed,https://www.linkedin.com/jobs/view/4359885871/,23
4359585620,Visionary Innovative Technology Solutions LLC,"AML & Fraud AnalystVisionary Innovative Technology Solutions LLC · New Jersey, United States (On-site)Applied 3mo ago(No longer accepting applications)","New Jersey, United States (On-site)",Onsite,"New Jersey, United States",,,Closed,https://www.linkedin.com/jobs/view/4359585620/,23
4369168227,General Dynamics Mission Systems,"Software Engineer Entry LevelGeneral Dynamics Mission Systems · Scottsdale, AZ (On-site)Applied 3mo ago(No longer accepting applications)","Scottsdale, AZ (On-site)",Onsite,Scottsdale,AZ,,Closed,https://www.linkedin.com/jobs/view/4369168227/,24
4315738147,"Riskified, Inc.","Data Analyst, Merchant HealthRiskified, Inc. · New York, NY (Hybrid)Applied 6mo ago(No longer accepting applications)","New York, NY (Hybrid)",Hybrid,New York,NY,,Closed,https://www.linkedin.com/jobs/view/4315738147/,24
4352585659,SquareTrade,"Digital Product ManagerSquareTrade · San Francisco, CA (On-site)Applied 3mo ago(No longer accepting applications)","San Francisco, CA (On-site)",Onsite,San Francisco,CA,,Closed,https://www.linkedin.com/jobs/view/4352585659/,24
4368908066,New Orleans and South East Information Technology Group,"Information Technology TechnicianNew Orleans and South East Information Technology Group · Hammond, LA (On-site)Applied 3mo ago(No longer accepting applications)","Hammond, LA (On-site)",Onsite,Hammond,LA,,Closed,https://www.linkedin.com/jobs/view/4368908066/,24
4369771721,Helic & Co.,Data AnalystHelic & Co. · United States (Remote)Applied 3mo ago(No longer accepting applications),United States (Remote),Remote,United States,,,Closed,https://www.linkedin.com/jobs/view/4369771721/,24
4357692026,Lendyx,"AnalystLendyx · Miami, FL (On-site)Applied 3mo ago(No longer accepting applications)","Miami, FL (On-site)",Onsite,Miami,FL,,Closed,https://www.linkedin.com/jobs/view/4357692026/,24
4367948602,Swift7 Consultants,"Customer Acquisition ExpertSwift7 Consultants · New Orleans, LA (On-site)Applied 3mo ago(No longer accepting applications)","New Orleans, LA (On-site)",Onsite,New Orleans,LA,,Closed,https://www.linkedin.com/jobs/view/4367948602/,24
4369625772,"SciTec, Inc.","Associate / Staff Python DeveloperSciTec, Inc. · Boulder, CO (On-site)Applied 3mo ago(No longer accepting applications)","Boulder, CO (On-site)",Onsite,Boulder,CO,,Closed,https://www.linkedin.com/jobs/view/4369625772/,24
4350214367,The Judge Group,"Business System AnalystThe Judge Group · Chicago, IL (Hybrid)Applied 3mo ago(No longer accepting applications)","Chicago, IL (Hybrid)",Hybrid,Chicago,IL,,Closed,https://www.linkedin.com/jobs/view/4350214367/,24
4368989973,Fionics,"Software Engineer | High-Frequency TradingFionics · Chicago, IL (Hybrid)Applied 3mo ago(No longer accepting applications)","Chicago, IL (Hybrid)",Hybrid,Chicago,IL,,Closed,https://www.linkedin.com/jobs/view/4368989973/,24
4369687945,EPITEC,"Cost Management AnalystEPITEC · Moline, IL (On-site)Applied 3mo ago(No longer accepting applications)","Moline, IL (On-site)",Onsite,Moline,IL,,Closed,https://www.linkedin.com/jobs/view/4369687945/,25
4368997947,AARATECH,"Business AnalystAARATECH · New York, NY (On-site)Applied 3mo ago(No longer accepting applications)","New York, NY (On-site)",Onsite,New York,NY,,Closed,https://www.linkedin.com/jobs/view/4368997947/,25
4369625364,Nesco Resource,"Junior DevOps Developer INesco Resource · New York, NY (Hybrid)Applied 3mo ago(No longer accepting applications)","New York, NY (Hybrid)",Hybrid,New York,NY,,Closed,https://www.linkedin.com/jobs/view/4369625364/,25
4369126333,New Millenium Consulting,"Junior AI/Software DeveloperNew Millenium Consulting · New York, NY (Hybrid)Applied 3mo ago(No longer accepting applications)","New York, NY (Hybrid)",Hybrid,New York,NY,,Closed,https://www.linkedin.com/jobs/view/4369126333/,25
4369175478,Hikaflow,Programming DevHikaflow · San Francisco Bay Area (Remote)Applied 3mo ago(No longer accepting applications),San Francisco Bay Area (Remote),Remote,San Francisco Bay Area,,,Closed,https://www.linkedin.com/jobs/view/4369175478/,25
4369172024,American Technology Consulting - ATC,"Data AnalystAmerican Technology Consulting - ATC · Texas, United States (On-site)Applied 3mo ago(No longer accepting applications)","Texas, United States (On-site)",Onsite,"Texas, United States",,,Closed,https://www.linkedin.com/jobs/view/4369172024/,25
4369134199,Capgemini,Java and Python Developer - Recent Graduate in ChicagoCapgemini · Greater Chicago Area (Hybrid)Applied 3mo ago(No longer accepting applications),Greater Chicago Area (Hybrid),Hybrid,Greater Chicago Area,,,Closed,https://www.linkedin.com/jobs/view/4369134199/,25
4360502121,Edible Brands,"AI Application Developer (Early Career)Edible Brands · Atlanta, GA (Hybrid)Applied 3mo ago(No longer accepting applications)","Atlanta, GA (Hybrid)",Hybrid,Atlanta,GA,,Closed,https://www.linkedin.com/jobs/view/4360502121/,25
4369609635,Turing,"Remote Business Analyst - 57510Turing · Pittsburgh, PA (Remote)Applied 3mo ago(No longer accepting applications)","Pittsburgh, PA (Remote)",Remote,Pittsburgh,PA,,Closed,https://www.linkedin.com/jobs/view/4369609635/,25
4369190016,"Elegant Enterprise-Wide Solutions, Inc.","Junior Technical AnalystElegant Enterprise-Wide Solutions, Inc. · Trenton, NJ (On-site)Applied 3mo ago(No longer accepting applications)","Trenton, NJ (On-site)",Onsite,Trenton,NJ,,Closed,https://www.linkedin.com/jobs/view/4369190016/,25
4369609767,Helic & Co.,Data AnalystHelic & Co. · United States (Remote)Applied 3mo ago(No longer accepting applications),United States (Remote),Remote,United States,,,Closed,https://www.linkedin.com/jobs/view/4369609767/,26
4366878400,Odyssey Information Services,Data ArchitectOdyssey Information Services · Dallas-Fort Worth Metroplex (Hybrid)Applied 3mo ago(No longer accepting applications),Dallas-Fort Worth Metroplex (Hybrid),Hybrid,Dallas-Fort Worth Metroplex,,,Closed,https://www.linkedin.com/jobs/view/4366878400/,26
4369620243,SGS Technologie,"Junior SQL DBA- Only W2 and LocalsSGS Technologie · Jacksonville, FL (Hybrid)Applied 3mo ago(No longer accepting applications)","Jacksonville, FL (Hybrid)",Hybrid,Jacksonville,FL,,Closed,https://www.linkedin.com/jobs/view/4369620243/,26
4366752740,New York Technology Partners,"W2 only - CRM Data AnalystNew York Technology Partners · New Brunswick, NJ (Hybrid)Applied 3mo ago(No longer accepting applications)","New Brunswick, NJ (Hybrid)",Hybrid,New Brunswick,NJ,,Closed,https://www.linkedin.com/jobs/view/4366752740/,26
4369155964,American Technology Consulting - ATC,"Data AnalystAmerican Technology Consulting - ATC · California, United States (On-site)Applied 3mo ago(No longer accepting applications)","California, United States (On-site)",Onsite,"California, United States",,,Closed,https://www.linkedin.com/jobs/view/4369155964/,26
4364002189,Cassidy,"AI Solutions Consultant - Recent GradCassidy · New York, NY (On-site)Applied 3mo ago(No longer accepting applications)","New York, NY (On-site)",Onsite,New York,NY,,Closed,https://www.linkedin.com/jobs/view/4364002189/,26
4351873509,CloudIngest,"Full-Time Opportunity // Business Analyst // Boston, MACloudIngest · Boston, MA (On-site)Applied 3mo ago(No longer accepting applications)","Boston, MA (On-site)",Onsite,Boston,MA,,Closed,https://www.linkedin.com/jobs/view/4351873509/,26
4354418155,Intelliswift - An LTTS Company,Product AnalystIntelliswift - An LTTS Company · San Francisco Bay Area (On-site)Applied 3mo ago(No longer accepting applications),San Francisco Bay Area (On-site),Onsite,San Francisco Bay Area,,,Closed,https://www.linkedin.com/jobs/view/4354418155/,26
4314651812,Experian,Corporate Development Associate (Remote)Experian · United States (Remote)Applied 6mo ago(No longer accepting applications),United States (Remote),Remote,United States,,,Closed,https://www.linkedin.com/jobs/view/4314651812/,26
4354700641,CBRE,"Finance Systems Analyst - YardiCBRE · Minneapolis, MN (Hybrid)Applied 3mo ago(No longer accepting applications)","Minneapolis, MN (Hybrid)",Hybrid,Minneapolis,MN,,Closed,https://www.linkedin.com/jobs/view/4354700641/,27
4351815454,Confidential,"Product ManagerConfidential · San Mateo, CA (On-site)Applied 3mo ago(No longer accepting applications)","San Mateo, CA (On-site)",Onsite,San Mateo,CA,,Closed,https://www.linkedin.com/jobs/view/4351815454/,27
4361677111,Dwight Securities Management LLC,"AnalystDwight Securities Management LLC · New York, NY (On-site)Applied 3mo ago(No longer accepting applications)","New York, NY (On-site)",Onsite,New York,NY,,Closed,https://www.linkedin.com/jobs/view/4361677111/,27
4235680744,Innovations PSI,"New Grads with Previous Finance Experience or InternshipsInnovations PSI · San Francisco, CA (Hybrid)Applied 8mo ago(No longer accepting applications)","San Francisco, CA (Hybrid)",Hybrid,San Francisco,CA,,Closed,https://www.linkedin.com/jobs/view/4235680744/,27
4365856859,NextGen | GTA: A Kelly Telecom Company,"Data Analyst – LoggingNextGen | GTA: A Kelly Telecom Company · Plano, TX (On-site)Applied 3mo ago(No longer accepting applications)","Plano, TX (On-site)",Onsite,Plano,TX,,Closed,https://www.linkedin.com/jobs/view/4365856859/,27
4363722417,Strategic Staffing Solutions,Artificial Intelligence ConsultantStrategic Staffing Solutions · Detroit Metropolitan Area (Hybrid)Applied 3mo ago(No longer accepting applications),Detroit Metropolitan Area (Hybrid),Hybrid,Detroit Metropolitan Area,,,Closed,https://www.linkedin.com/jobs/view/4363722417/,27
4331596407,YCharts,"Product ManagerYCharts · Chicago, IL (Remote)Applied 3mo ago(No longer accepting applications)","Chicago, IL (Remote)",Remote,Chicago,IL,,Closed,https://www.linkedin.com/jobs/view/4331596407/,27
4352002079,Creative People,Founding Product DesignerCreative People · New York City Metropolitan Area (On-site)Applied 3mo ago(No longer accepting applications),New York City Metropolitan Area (On-site),Onsite,New York City Metropolitan Area,,,Closed,https://www.linkedin.com/jobs/view/4352002079/,27
4326708819,Morson Talent,"Business Data Applications AnalystMorson Talent · Manhattan, NY (Hybrid)Applied 3mo ago(No longer accepting applications)","Manhattan, NY (Hybrid)",Hybrid,Manhattan,NY,,Closed,https://www.linkedin.com/jobs/view/4326708819/,27
4321122565,Actualize Consulting,Information Technology ConsultantActualize Consulting · United States (Remote)Applied 6mo ago(No longer accepting applications),United States (Remote),Remote,United States,,,Closed,https://www.linkedin.com/jobs/view/4321122565/,27
4330476775,IL MAKIAGE,"AnalystIL MAKIAGE · New York, NY (Hybrid)Applied 3mo ago(No longer accepting applications)","New York, NY (Hybrid)",Hybrid,New York,NY,,Closed,https://www.linkedin.com/jobs/view/4330476775/,28
4358352016,IntePros,"User Experience DesignerIntePros · New York, NY (Hybrid)Applied 3mo ago(No longer accepting applications)","New York, NY (Hybrid)",Hybrid,New York,NY,,Closed,https://www.linkedin.com/jobs/view/4358352016/,28
4354672148,Macy's,Assistant Product ManagerMacy's · New York City Metropolitan Area (On-site)Applied 3mo ago(No longer accepting applications),New York City Metropolitan Area (On-site),Onsite,New York City Metropolitan Area,,,Closed,https://www.linkedin.com/jobs/view/4354672148/,28
4330275123,Oho Group Ltd,Product ManagerOho Group Ltd · United States (Remote)Applied 3mo ago(No longer accepting applications),United States (Remote),Remote,United States,,,Closed,https://www.linkedin.com/jobs/view/4330275123/,28
4330237637,Brooksource,Entry Level Business System AnalystBrooksource · Greater St. Louis (Hybrid)Applied 3mo ago(No longer accepting applications),Greater St. Louis (Hybrid),Hybrid,Greater St. Louis,,,Closed,https://www.linkedin.com/jobs/view/4330237637/,28
4361193081,Cerberus Capital Management,AI Deployment StrategistCerberus Capital Management · New York City Metropolitan Area (On-site)Applied 3mo ago(No longer accepting applications),New York City Metropolitan Area (On-site),Onsite,New York City Metropolitan Area,,,Closed,https://www.linkedin.com/jobs/view/4361193081/,28
4323593923,joimax,"Product Manager- U.S.  (start date 2/2/2026)joimax · Irvine, CA (On-site)Applied 3mo ago(No longer accepting applications)","Irvine, CA (On-site)",Onsite,Irvine,CA,,Closed,https://www.linkedin.com/jobs/view/4323593923/,28
4349016787,Chamberlain Advisors,"Analyst, Technology Risk & ComplianceChamberlain Advisors · Deerfield, IL (Hybrid)Applied 3mo ago(No longer accepting applications)","Deerfield, IL (Hybrid)",Hybrid,Deerfield,IL,,Closed,https://www.linkedin.com/jobs/view/4349016787/,28
4351838917,Capgemini,"Product AnalystCapgemini · Pennsylvania, United States (Hybrid)Applied 3mo ago(No longer accepting applications)","Pennsylvania, United States (Hybrid)",Hybrid,"Pennsylvania, United States",,,Closed,https://www.linkedin.com/jobs/view/4351838917/,28
4319910036,Scry AI,"Data AnalystScry AI · California, United States (Remote)Applied 3mo ago(No longer accepting applications)","California, United States (Remote)",Remote,"California, United States",,,Closed,https://www.linkedin.com/jobs/view/4319910036/,28
4249277199,Tanagram,"AI Product EngineerTanagram · New York, NY (Hybrid)Applied 3mo ago(No longer accepting applications)","New York, NY (Hybrid)",Hybrid,New York,NY,,Closed,https://www.linkedin.com/jobs/view/4249277199/,29
4339940387,Fanduel Inc.,"Generosity Strategy & Insights AnalystFanduel Inc. · New York, NY (Hybrid)Applied 3mo ago(No longer accepting applications)","New York, NY (Hybrid)",Hybrid,New York,NY,,Closed,https://www.linkedin.com/jobs/view/4339940387/,29
4352696261,Charter Global,"Research Assay Data Product AnalystCharter Global · Rahway, NJ (Remote)Applied 3mo ago(No longer accepting applications)","Rahway, NJ (Remote)",Remote,Rahway,NJ,,Closed,https://www.linkedin.com/jobs/view/4352696261/,29
4331177864,PRI Technology,"Jr. IT Business AnalystPRI Technology · New York, NY (Hybrid)Applied 3mo ago(No longer accepting applications)","New York, NY (Hybrid)",Hybrid,New York,NY,,Closed,https://www.linkedin.com/jobs/view/4331177864/,29
4358501387,Savills North America,"Research AnalystSavills North America · Boston, MA (On-site)Applied 3mo ago(No longer accepting applications)","Boston, MA (On-site)",Onsite,Boston,MA,,Closed,https://www.linkedin.com/jobs/view/4358501387/,29
4311654248,Robert Half,"Investigator/Intelligence Analyst (Entry level/Recent grads)Robert Half · Alpine, UT (On-site)Applied 6mo ago(No longer accepting applications)","Alpine, UT (On-site)",Onsite,Alpine,UT,,Closed,https://www.linkedin.com/jobs/view/4311654248/,29
4342281102,Brookstone Capital Management,"Operations AssociateBrookstone Capital Management · Wheaton, IL (On-site)Applied 4mo ago(No longer accepting applications)","Wheaton, IL (On-site)",Onsite,Wheaton,IL,,Closed,https://www.linkedin.com/jobs/view/4342281102/,29
4326653055,OpenMind,"Product ManagerOpenMind · San Francisco, CA (Hybrid)Applied 3mo ago(No longer accepting applications)","San Francisco, CA (Hybrid)",Hybrid,San Francisco,CA,,Closed,https://www.linkedin.com/jobs/view/4326653055/,29
4341534928,Plymouth Rock Assurance,"Business Analyst - Digital ExperiencePlymouth Rock Assurance · Woodbridge, NJ (On-site)Applied 3mo ago(No longer accepting applications)","Woodbridge, NJ (On-site)",Onsite,Woodbridge,NJ,,Closed,https://www.linkedin.com/jobs/view/4341534928/,29
4325544722,Sigma,Trade Marketing AnalystSigma · United States (Remote)Applied 4mo ago(No longer accepting applications),United States (Remote),Remote,United States,,,Closed,https://www.linkedin.com/jobs/view/4325544722/,29
4354385770,eNGINE,Data Quality AnalysteNGINE · Greater Pittsburgh Region (Hybrid)Applied 3mo ago(No longer accepting applications),Greater Pittsburgh Region (Hybrid),Hybrid,Greater Pittsburgh Region,,,Closed,https://www.linkedin.com/jobs/view/4354385770/,30
4329689133,Aleto,"Quantitative ResearcherAleto · Chicago, IL (On-site)Applied 3mo ago(No longer accepting applications)","Chicago, IL (On-site)",Onsite,Chicago,IL,,Closed,https://www.linkedin.com/jobs/view/4329689133/,30
4300704555,The Knot Worldwide,"Product DesignerThe Knot Worldwide · New York, NY (Hybrid)Applied 3mo ago(No longer accepting applications)","New York, NY (Hybrid)",Hybrid,New York,NY,,Closed,https://www.linkedin.com/jobs/view/4300704555/,30
4321427455,Optimize Search Group,Mergers and Acquisitions AnalystOptimize Search Group · Nashville Metropolitan Area (On-site)Applied 3mo ago(No longer accepting applications),Nashville Metropolitan Area (On-site),Onsite,Nashville Metropolitan Area,,,Closed,https://www.linkedin.com/jobs/view/4321427455/,30
4361366312,Ashling Partners,Business AnalystAshling Partners · United States (Remote)Applied 3mo ago(No longer accepting applications),United States (Remote),Remote,United States,,,Closed,https://www.linkedin.com/jobs/view/4361366312/,30
4344149524,Stefanini Group,"Business Operation AnalystStefanini Group · Dearborn, MI (On-site)Applied 3mo ago(No longer accepting applications)","Dearborn, MI (On-site)",Onsite,Dearborn,MI,,Closed,https://www.linkedin.com/jobs/view/4344149524/,30
4366141794,Plona Partners,"Financial Analyst, Law FirmPlona Partners · New York, NY (Hybrid)Applied 3mo ago(No longer accepting applications)","New York, NY (Hybrid)",Hybrid,New York,NY,,Closed,https://www.linkedin.com/jobs/view/4366141794/,30
4329596991,Intelliswift - An LTTS Company,"Product ManagerIntelliswift - An LTTS Company · Mountain View, CA (On-site)Applied 3mo ago(No longer accepting applications)","Mountain View, CA (On-site)",Onsite,Mountain View,CA,,Closed,https://www.linkedin.com/jobs/view/4329596991/,30
4346577237,J.Crew,Jr. Business AnalystJ.Crew · New York City Metropolitan Area (On-site)Applied 3mo ago(No longer accepting applications),New York City Metropolitan Area (On-site),Onsite,New York City Metropolitan Area,,,Closed,https://www.linkedin.com/jobs/view/4346577237/,30
4346642403,J.Crew,Distribution AnalystJ.Crew · New York City Metropolitan Area (On-site)Applied 3mo ago(No longer accepting applications),New York City Metropolitan Area (On-site),Onsite,New York City Metropolitan Area,,,Closed,https://www.linkedin.com/jobs/view/4346642403/,30
4353202195,Saragossa,"AI Business Analyst (Consultant) | Blackstone Portfolio Company | Enterpise SaaS | RemoteSaragossa · Tysons Corner, VA (Remote)Applied 3mo ago(No longer accepting applications)","Tysons Corner, VA (Remote)",Remote,Tysons Corner,VA,,Closed,https://www.linkedin.com/jobs/view/4353202195/,31
4329700252,RCI Technologies,User Interface DesignerRCI Technologies · New York City Metropolitan Area (On-site)Applied 3mo ago(No longer accepting applications),New York City Metropolitan Area (On-site),Onsite,New York City Metropolitan Area,,,Closed,https://www.linkedin.com/jobs/view/4329700252/,31
4366151896,Hydrogen Group,"User Research and Data AnalystHydrogen Group · Juno Beach, FL (On-site)Applied 3mo ago(No longer accepting applications)","Juno Beach, FL (On-site)",Onsite,Juno Beach,FL,,Closed,https://www.linkedin.com/jobs/view/4366151896/,31
4352624383,1872 Consulting,AI Product Manager1872 Consulting · Greater Chicago Area (Hybrid)Applied 3mo ago(No longer accepting applications),Greater Chicago Area (Hybrid),Hybrid,Greater Chicago Area,,,Closed,https://www.linkedin.com/jobs/view/4352624383/,31
4321459892,Dexian,"Business Process AnalystDexian · Deerfield, IL (On-site)Applied 3mo ago(No longer accepting applications)","Deerfield, IL (On-site)",Onsite,Deerfield,IL,,Closed,https://www.linkedin.com/jobs/view/4321459892/,31
4330705620,Hijack Poker,"Junior Product ManagerHijack Poker · Austin, TX (Hybrid)Applied 3mo ago(No longer accepting applications)","Austin, TX (Hybrid)",Hybrid,Austin,TX,,Closed,https://www.linkedin.com/jobs/view/4330705620/,31
4365890387,BMC Capital,"Associate /  AnalystBMC Capital · Dallas, TX (On-site)Applied 3mo ago(No longer accepting applications)","Dallas, TX (On-site)",Onsite,Dallas,TX,,Closed,https://www.linkedin.com/jobs/view/4365890387/,31
4346673102,RowsOne,"Product Operations CoordinatorRowsOne · Boca Raton, FL (Remote)Applied 3mo ago(No longer accepting applications)","Boca Raton, FL (Remote)",Remote,Boca Raton,FL,,Closed,https://www.linkedin.com/jobs/view/4346673102/,31
4346858971,CCS Global Tech,"Entry Level Data AnalystCCS Global Tech · Austin, TX (On-site)Applied 3mo ago(No longer accepting applications)","Austin, TX (On-site)",Onsite,Austin,TX,,Closed,https://www.linkedin.com/jobs/view/4346858971/,31
4318406398,"Wolverine Trading, LLC- Recruiter","Entry-Level TraderWolverine Trading, LLC- Recruiter · Chicago, IL (On-site)Applied 4mo ago(No longer accepting applications)","Chicago, IL (On-site)",Onsite,Chicago,IL,,Closed,https://www.linkedin.com/jobs/view/4318406398/,31
4363590237,"Ironbeam, Inc.","Product Manager/Business AnalystIronbeam, Inc. · Chicago, IL (On-site)Applied 3mo ago(No longer accepting applications)","Chicago, IL (On-site)",Onsite,Chicago,IL,,Closed,https://www.linkedin.com/jobs/view/4363590237/,32
4355290006,US Tech Solutions,"Data ScientistUS Tech Solutions · Santa Clara, CA (On-site)Applied 3mo ago(No longer accepting applications)","Santa Clara, CA (On-site)",Onsite,Santa Clara,CA,,Closed,https://www.linkedin.com/jobs/view/4355290006/,32
4329130713,SciPro,"Associate Product ManagerSciPro · Santa Clara County, CA (On-site)Applied 3mo ago(No longer accepting applications)","Santa Clara County, CA (On-site)",Onsite,Santa Clara County,CA,,Closed,https://www.linkedin.com/jobs/view/4329130713/,32
4354349423,Upside Search,"Product ManagerUpside Search · Indianapolis, IN (Remote)Applied 3mo ago(No longer accepting applications)","Indianapolis, IN (Remote)",Remote,Indianapolis,IN,,Closed,https://www.linkedin.com/jobs/view/4354349423/,32
4354750798,Versant Media,"UX ResearcherVersant Media · Englewood Cliffs, NJ (Hybrid)Applied 3mo ago(No longer accepting applications)","Englewood Cliffs, NJ (Hybrid)",Hybrid,Englewood Cliffs,NJ,,Closed,https://www.linkedin.com/jobs/view/4354750798/,32
4362852174,Advize,Data ScientistAdvize · United States (Remote)Applied 3mo ago(No longer accepting applications),United States (Remote),Remote,United States,,,Closed,https://www.linkedin.com/jobs/view/4362852174/,32
4354800894,Juxta,Growth EngineerJuxta · San Francisco Bay Area (On-site)Applied 3mo ago(Posted 3mo ago),San Francisco Bay Area (On-site),Onsite,San Francisco Bay Area,,,Applied,https://www.linkedin.com/jobs/view/4354800894/,32
4352701473,Soho Square Solutions,"Product ManagerSoho Square Solutions · San Jose, CA (On-site)Applied 3mo ago(No longer accepting applications)","San Jose, CA (On-site)",Onsite,San Jose,CA,,Closed,https://www.linkedin.com/jobs/view/4352701473/,32
4329585498,Koya Law LLC,"Junior AnalystKoya Law LLC · Chicago, IL (On-site)Applied 3mo ago(No longer accepting applications)","Chicago, IL (On-site)",Onsite,Chicago,IL,,Closed,https://www.linkedin.com/jobs/view/4329585498/,32
4326483077,KnitWell Group,"Analyst, Customer InsightsKnitWell Group · New York, NY (On-site)Applied 3mo ago(No longer accepting applications)","New York, NY (On-site)",Onsite,New York,NY,,Closed,https://www.linkedin.com/jobs/view/4326483077/,32
4352507439,Basis Technologies,"Product ManagerBasis Technologies · Chicago, IL (Remote)Applied 3mo ago(No longer accepting applications)","Chicago, IL (Remote)",Remote,Chicago,IL,,Closed,https://www.linkedin.com/jobs/view/4352507439/,33
4354809038,Brillio,"User Experience DesignerBrillio · New York, NY (On-site)Applied 3mo ago(No longer accepting applications)","New York, NY (On-site)",Onsite,New York,NY,,Closed,https://www.linkedin.com/jobs/view/4354809038/,33
4342891803,PeopleShare,"Operations AssociatePeopleShare · Schaumburg, IL (On-site)Applied 4mo ago(No longer accepting applications)","Schaumburg, IL (On-site)",Onsite,Schaumburg,IL,,Closed,https://www.linkedin.com/jobs/view/4342891803/,33
4354466591,Emonics LLC,"Associate Supply Chain Analyst (Entry Level)Emonics LLC · Los Angeles, CA (On-site)Applied 3mo ago(No longer accepting applications)","Los Angeles, CA (On-site)",Onsite,Los Angeles,CA,,Closed,https://www.linkedin.com/jobs/view/4354466591/,33
4328230031,IMAGINiT Technologies,Business Intelligence AnalystIMAGINiT Technologies · United States (Remote)Applied 3mo ago(No longer accepting applications),United States (Remote),Remote,United States,,,Closed,https://www.linkedin.com/jobs/view/4328230031/,33
4344840409,Vantage Specialty Chemicals,"Business Intelligence AnalystVantage Specialty Chemicals · Deerfield, IL (On-site)Applied 3mo ago(No longer accepting applications)","Deerfield, IL (On-site)",Onsite,Deerfield,IL,,Closed,https://www.linkedin.com/jobs/view/4344840409/,33
4353220561,Wavytalk,Junior User ResearcherWavytalk · New York City Metropolitan Area (Hybrid)Applied 3mo ago(No longer accepting applications),New York City Metropolitan Area (Hybrid),Hybrid,New York City Metropolitan Area,,,Closed,https://www.linkedin.com/jobs/view/4353220561/,33
4330400182,HUB International,"Data AnalystHUB International · Chicago, IL (Hybrid)Applied 3mo ago(No longer accepting applications)","Chicago, IL (Hybrid)",Hybrid,Chicago,IL,,Closed,https://www.linkedin.com/jobs/view/4330400182/,33
4327829583,Piper Maddox,Sales AnalystPiper Maddox · United States (Remote)Applied 4mo ago(No longer accepting applications),United States (Remote),Remote,United States,,,Closed,https://www.linkedin.com/jobs/view/4327829583/,33
4329828627,Insight Global,"Product ManagerInsight Global · San Jose, CA (On-site)Applied 3mo ago(No longer accepting applications)","San Jose, CA (On-site)",Onsite,San Jose,CA,,Closed,https://www.linkedin.com/jobs/view/4329828627/,33
4344629881,Motion Recruitment,Data AnalystMotion Recruitment · United States (Remote)Applied 4mo ago(No longer accepting applications),United States (Remote),Remote,United States,,,Closed,https://www.linkedin.com/jobs/view/4344629881/,34
4352980184,Getty Images,"Business AnalystGetty Images · Chicago, IL (Hybrid)Applied 3mo ago(No longer accepting applications)","Chicago, IL (Hybrid)",Hybrid,Chicago,IL,,Closed,https://www.linkedin.com/jobs/view/4352980184/,34
4328121357,Covington & Burling LLP,Data Privacy AnalystCovington & Burling LLP · United States (Remote)Applied 4mo ago(No longer accepting applications),United States (Remote),Remote,United States,,,Closed,https://www.linkedin.com/jobs/view/4328121357/,34
4331956627,Insight Global,"User Experience DesignerInsight Global · Stamford, CT (Hybrid)Applied 3mo ago(No longer accepting applications)","Stamford, CT (Hybrid)",Hybrid,Stamford,CT,,Closed,https://www.linkedin.com/jobs/view/4331956627/,34
4330623363,"Delta System & Software, Inc.","Product AnalystDelta System & Software, Inc. · New York City Metropolitan Area (On-site)Applied 3mo ago(No longer accepting applications)",New York City Metropolitan Area (On-site),Onsite,New York City Metropolitan Area,,,Closed,https://www.linkedin.com/jobs/view/4330623363/,34
4359675864,Prodware Solutions,"Product ManagerProdware Solutions · Des Moines, IA (Hybrid)Applied 3mo ago(No longer accepting applications)","Des Moines, IA (Hybrid)",Hybrid,Des Moines,IA,,Closed,https://www.linkedin.com/jobs/view/4359675864/,34
4351824998,Zeektek,IT Operations Analyst (100% Remote)Zeektek · United States (Remote)Applied 3mo ago(No longer accepting applications),United States (Remote),Remote,United States,,,Closed,https://www.linkedin.com/jobs/view/4351824998/,34
4328211659,TheCorporate,Data AnalystTheCorporate · United States (Remote)Applied 4mo ago(No longer accepting applications),United States (Remote),Remote,United States,,,Closed,https://www.linkedin.com/jobs/view/4328211659/,34
4340317462,Filevine,"Associate, Strategy & OperationsFilevine · United States (Remote)Applied 5mo ago(No longer accepting applications)",United States (Remote),Remote,United States,,,Closed,https://www.linkedin.com/jobs/view/4340317462/,34
4350809488,"MetroStar Systems, Inc.","Business AnalystMetroStar Systems, Inc. · United States (Remote)Applied 4mo ago(No longer accepting applications)",United States (Remote),Remote,United States,,,Closed,https://www.linkedin.com/jobs/view/4350809488/,34
4346017348,Areti Group | B Corp™,Data AnalystAreti Group | B Corp™ · United States (Remote)Applied just now(No longer accepting applications),United States (Remote),Remote,United States,,,Closed,https://www.linkedin.com/jobs/view/4346017348/,35
4326378899,Go Offer,Data AnalystGo Offer · United States (Remote)Applied 4mo ago(No longer accepting applications),United States (Remote),Remote,United States,,,Offer,https://www.linkedin.com/jobs/view/4326378899/,35
4298213834,Zywave,Data Analyst - RemoteZywave · United States (Remote)Applied just now(No longer accepting applications),United States (Remote),Remote,United States,,,Closed,https://www.linkedin.com/jobs/view/4298213834/,35
4346145100,Claire Myers Consulting,"Investment Operations AssociateClaire Myers Consulting · Chicago, IL (Hybrid)Applied just now(No longer accepting applications)","Chicago, IL (Hybrid)",Hybrid,Chicago,IL,,Closed,https://www.linkedin.com/jobs/view/4346145100/,35
4333798978,The Judge Group,IBM Mainframe Data Communication AnalystThe Judge Group · United States (Remote)Applied 6mo ago(No longer accepting applications),United States (Remote),Remote,United States,,,Closed,https://www.linkedin.com/jobs/view/4333798978/,35
4329190306,Paladin Consulting,Junior IT Business AnalystPaladin Consulting · United States (Remote)Applied 4mo ago(No longer accepting applications),United States (Remote),Remote,United States,,,Closed,https://www.linkedin.com/jobs/view/4329190306/,35
4329273730,Montgomery Code,"Marketing Performance AnalystMontgomery Code · Grand Rapids, MI (Hybrid)Applied just now(No longer accepting applications)","Grand Rapids, MI (Hybrid)",Hybrid,Grand Rapids,MI,,Closed,https://www.linkedin.com/jobs/view/4329273730/,35
4319414857,Temu,Data EngineerTemu · United States (Remote)Applied 6mo ago(No longer accepting applications),United States (Remote),Remote,United States,,,Closed,https://www.linkedin.com/jobs/view/4319414857/,35
4306634258,Healthfuse,Operations AnalystHealthfuse · United States (Remote)Applied 6mo ago(No longer accepting applications),United States (Remote),Remote,United States,,,Closed,https://www.linkedin.com/jobs/view/4306634258/,35
4313396207,Ursus IT Solutions,"Salesforce Marketing Cloud AnalystUrsus IT Solutions · Foster City, CA (Hybrid)Applied 6mo ago(No longer accepting applications)","Foster City, CA (Hybrid)",Hybrid,Foster City,CA,,Closed,https://www.linkedin.com/jobs/view/4313396207/,35
4292588414,West Monroe,"Market Research & Insights AssociateWest Monroe · Boston, MA (Hybrid)Applied 8mo ago(No longer accepting applications)","Boston, MA (Hybrid)",Hybrid,Boston,MA,,Closed,https://www.linkedin.com/jobs/view/4292588414/,36
4304326846,Option Care,"Analyst, Compliance Auditing, Monitoring and AnalyticsOption Care · Bannockburn, IL (On-site)Applied 7mo ago(No longer accepting applications)","Bannockburn, IL (On-site)",Onsite,Bannockburn,IL,,Closed,https://www.linkedin.com/jobs/view/4304326846/,36
4334528560,PTR Global,"BI/ Reporting Data analystPTR Global · Chicago, IL (Hybrid)Applied 6mo ago(No longer accepting applications)","Chicago, IL (Hybrid)",Hybrid,Chicago,IL,,Closed,https://www.linkedin.com/jobs/view/4334528560/,36
4320645649,JustinBradley,Data Analytics Specialist - Remote DCJustinBradley · Washington DC-Baltimore Area (Remote)Applied 6mo ago(No longer accepting applications),Washington DC-Baltimore Area (Remote),Remote,Washington DC-Baltimore Area,,,Closed,https://www.linkedin.com/jobs/view/4320645649/,36
4316997797,Harbor Freight Tools,Marketing Data Scientist - RemoteHarbor Freight Tools · United States (Remote)Applied 6mo ago(No longer accepting applications),United States (Remote),Remote,United States,,,Closed,https://www.linkedin.com/jobs/view/4316997797/,36
4334191709,Sanford Barrows Group,"Business Intelligence AnalystSanford Barrows Group · Miami, FL (Hybrid)Applied 6mo ago(No longer accepting applications)","Miami, FL (Hybrid)",Hybrid,Miami,FL,,Closed,https://www.linkedin.com/jobs/view/4334191709/,36
4308856506,Simetrik,"Business Development RepresentativeSimetrik · Chicago, IL (Hybrid)Applied 7mo ago(No longer accepting applications)","Chicago, IL (Hybrid)",Hybrid,Chicago,IL,,Closed,https://www.linkedin.com/jobs/view/4308856506/,36
4333818364,Savills North America,"Junior Tableau Analyst, Digital ExperienceSavills North America · Tampa, FL (Hybrid)Applied 6mo ago(No longer accepting applications)","Tampa, FL (Hybrid)",Hybrid,Tampa,FL,,Closed,https://www.linkedin.com/jobs/view/4333818364/,36
4320131312,InformData,Revenue AnalystInformData · United States (Remote)Applied 6mo ago(No longer accepting applications),United States (Remote),Remote,United States,,,Closed,https://www.linkedin.com/jobs/view/4320131312/,36
4320032778,Tata Consultancy Services,Technical Business AnalystTata Consultancy Services · United States (Remote)Applied 6mo ago(No longer accepting applications),United States (Remote),Remote,United States,,,Closed,https://www.linkedin.com/jobs/view/4320032778/,36
4235230523,"MetroStar Systems, Inc.","Associate Data Engineer (5892)MetroStar Systems, Inc. · Quantico, VAApplied 8mo ago(No longer accepting applications)","Quantico, VA",,Quantico,VA,,Closed,https://www.linkedin.com/jobs/view/4235230523/,37
4319105951,Hirewell,Warehouse AnalystHirewell · United States (Remote)Applied 6mo ago(No longer accepting applications),United States (Remote),Remote,United States,,,Closed,https://www.linkedin.com/jobs/view/4319105951/,37
4305739450,AGL Credit Management,Credit AnalystAGL Credit Management · New York City Metropolitan Area (On-site)Applied 6mo ago(No longer accepting applications),New York City Metropolitan Area (On-site),Onsite,New York City Metropolitan Area,,,Closed,https://www.linkedin.com/jobs/view/4305739450/,37
4331129225,Levy Global,Research AnalystLevy Global · United States (Remote)Applied 6mo ago(No longer accepting applications),United States (Remote),Remote,United States,,,Closed,https://www.linkedin.com/jobs/view/4331129225/,37
4302603877,Tenfold Search & Advisory,"Private Equity Associate – Middle-Market FocusTenfold Search & Advisory · New Orleans, LA (On-site)Applied 6mo ago(No longer accepting applications)","New Orleans, LA (On-site)",Onsite,New Orleans,LA,,Closed,https://www.linkedin.com/jobs/view/4302603877/,37
4320495079,Ledgent Technology,Developer - Business TechnologyLedgent Technology · United States (Remote)Applied 6mo ago(No longer accepting applications),United States (Remote),Remote,United States,,,Closed,https://www.linkedin.com/jobs/view/4320495079/,37
4298783180,CapTech Ventures,"Data Engineer (AWS, Azure, GCP)CapTech Ventures · Chicago, IL (Remote)Applied 7mo ago(No longer accepting applications)","Chicago, IL (Remote)",Remote,Chicago,IL,,Closed,https://www.linkedin.com/jobs/view/4298783180/,37
4318500189,KellyMitchell Group,Tableau SpecialistKellyMitchell Group · United States (Remote)Applied 6mo ago(No longer accepting applications),United States (Remote),Remote,United States,,,Closed,https://www.linkedin.com/jobs/view/4318500189/,37
4337712504,Atlas Search,Business System AnalystAtlas Search · United States (Remote)Applied 6mo ago(No longer accepting applications),United States (Remote),Remote,United States,,,Closed,https://www.linkedin.com/jobs/view/4337712504/,37
4277721851,BDP International,"Business Intelligence AnalystBDP International · Allentown, PA (On-site)Applied 8mo ago(No longer accepting applications)","Allentown, PA (On-site)",Onsite,Allentown,PA,,Closed,https://www.linkedin.com/jobs/view/4277721851/,37
4332774956,Experian,Data Scientist - RemoteExperian · United States (Remote)Applied 6mo ago(No longer accepting applications),United States (Remote),Remote,United States,,,Closed,https://www.linkedin.com/jobs/view/4332774956/,38
4317344756,Healogix,AssociateHealogix · United States (Remote)Applied 6mo ago(No longer accepting applications),United States (Remote),Remote,United States,,,Closed,https://www.linkedin.com/jobs/view/4317344756/,38
4320784146,Paradigm Technology,"Operational Data Analysis Specialist (Microsoft Power Platform)Paradigm Technology · Chattanooga, TN (Remote)Applied 6mo ago(No longer accepting applications)","Chattanooga, TN (Remote)",Remote,Chattanooga,TN,,Closed,https://www.linkedin.com/jobs/view/4320784146/,38
4306284717,Phamily,Analytics EngineerPhamily · United States (Remote)Applied 6mo ago(No longer accepting applications),United States (Remote),Remote,United States,,,Closed,https://www.linkedin.com/jobs/view/4306284717/,38
4334641394,Stardust,Product Data AnalystStardust  · United States (Remote)Applied 6mo ago(No longer accepting applications),United States (Remote),Remote,United States,,,Closed,https://www.linkedin.com/jobs/view/4334641394/,38
4334810303,Stardust,Data AnalystStardust  · United States (Remote)Applied 6mo ago(No longer accepting applications),United States (Remote),Remote,United States,,,Closed,https://www.linkedin.com/jobs/view/4334810303/,38
4319883762,Apex Systems,AI - Business AnalystApex Systems · United States (Remote)Applied 6mo ago(No longer accepting applications),United States (Remote),Remote,United States,,,Closed,https://www.linkedin.com/jobs/view/4319883762/,38
4310039995,Coinflow,"Operations AnalystCoinflow · Chicago, IL (On-site)Applied 7mo ago(No longer accepting applications)","Chicago, IL (On-site)",Onsite,Chicago,IL,,Closed,https://www.linkedin.com/jobs/view/4310039995/,38
4316381564,Michelli Weighing & Measurement,Strategic Initiatives AssociateMichelli Weighing & Measurement · Greater New Orleans Region (Remote)Applied 6mo ago(No longer accepting applications),Greater New Orleans Region (Remote),Remote,Greater New Orleans Region,,,Closed,https://www.linkedin.com/jobs/view/4316381564/,38
4312402844,MCoBeauty,"Marketing Data AnalystMCoBeauty · New York, NY (On-site)Applied 6mo ago(No longer accepting applications)","New York, NY (On-site)",Onsite,New York,NY,,Closed,https://www.linkedin.com/jobs/view/4312402844/,38
4334370733,Diligente Technologies,Digital AnalystDiligente Technologies · United States (Remote)Applied 6mo ago(No longer accepting applications),United States (Remote),Remote,United States,,,Closed,https://www.linkedin.com/jobs/view/4334370733/,39
4312402133,"FirstKey Mortgage, LLC","Real Estate Data & Analytics AnalystFirstKey Mortgage, LLC · New York, NY (On-site)Applied 6mo ago(No longer accepting applications)","New York, NY (On-site)",Onsite,New York,NY,,Closed,https://www.linkedin.com/jobs/view/4312402133/,39
4314865101,San Diego FC,"CRM AnalystSan Diego FC · San Diego, CA (On-site)Applied 6mo ago(No longer accepting applications)","San Diego, CA (On-site)",Onsite,San Diego,CA,,Closed,https://www.linkedin.com/jobs/view/4314865101/,39
4321072033,EPITEC,"Data AnalystEPITEC · Plano, TX (On-site)Applied 6mo ago(No longer accepting applications)","Plano, TX (On-site)",Onsite,Plano,TX,,Closed,https://www.linkedin.com/jobs/view/4321072033/,39
4334011601,Randstad USA,Junior Data Analyst (No C2C/No Sponsorship)Randstad USA · United States (Remote)Applied 6mo ago(No longer accepting applications),United States (Remote),Remote,United States,,,Closed,https://www.linkedin.com/jobs/view/4334011601/,39
4314666992,Storm2,"Product AnalystStorm2 · New York, NY (Hybrid)Applied 6mo ago(No longer accepting applications)","New York, NY (Hybrid)",Hybrid,New York,NY,,Closed,https://www.linkedin.com/jobs/view/4314666992/,39
4314680180,HD Supply,"Data Governance AnalystHD Supply · Atlanta, GA (Remote)Applied 6mo ago(No longer accepting applications)","Atlanta, GA (Remote)",Remote,Atlanta,GA,,Closed,https://www.linkedin.com/jobs/view/4314680180/,39
4317881429,Net2Source (N2S),Business Data AnalystNet2Source (N2S) · United States (Remote)Applied 6mo ago(No longer accepting applications),United States (Remote),Remote,United States,,,Closed,https://www.linkedin.com/jobs/view/4317881429/,39
4279824361,rockITdata,Data & Analytics ConsultantrockITdata · United States (Remote)Applied 8mo ago(No longer accepting applications),United States (Remote),Remote,United States,,,Closed,https://www.linkedin.com/jobs/view/4279824361/,39
4334571198,SPECTRAFORCE,"Marketing Data AnalystSPECTRAFORCE · North Chicago, IL (Remote)Applied 6mo ago(No longer accepting applications)","North Chicago, IL (Remote)",Remote,North Chicago,IL,,Closed,https://www.linkedin.com/jobs/view/4334571198/,39
4318154103,"Softworld, a Kelly Company","Database SpecialistSoftworld, a Kelly Company · United States (Remote)Applied 6mo ago(No longer accepting applications)",United States (Remote),Remote,United States,,,Closed,https://www.linkedin.com/jobs/view/4318154103/,40
4281903004,Roku,"Machine Learning Engineer, Roku TVRoku · San Jose, CA (Hybrid)Applied 8mo ago(No longer accepting applications)","San Jose, CA (Hybrid)",Hybrid,San Jose,CA,,Closed,https://www.linkedin.com/jobs/view/4281903004/,40
4321162464,CareerVest,"Python DeveloperCareerVest · Chicago, IL (On-site)Applied 6mo ago(No longer accepting applications)","Chicago, IL (On-site)",Onsite,Chicago,IL,,Closed,https://www.linkedin.com/jobs/view/4321162464/,40
4331726611,Magic EdTech,Data SpecialistMagic EdTech · United States (Remote)Applied 6mo ago(No longer accepting applications),United States (Remote),Remote,United States,,,Closed,https://www.linkedin.com/jobs/view/4331726611/,40
4333788934,AKA Search Group,Investor Relations AssociateAKA Search Group · United States (Remote)Applied 6mo ago(No longer accepting applications),United States (Remote),Remote,United States,,,Closed,https://www.linkedin.com/jobs/view/4333788934/,40
4321272007,AARATECH,"Data AnalystAARATECH · Virginia, United States (On-site)Applied 6mo ago(No longer accepting applications)","Virginia, United States (On-site)",Onsite,"Virginia, United States",,,Closed,https://www.linkedin.com/jobs/view/4321272007/,40
4338020337,Lorien Health Services,"Power BI Specialist – Labor StrategyLorien Health Services · Ellicott City, MD (Hybrid)Applied 6mo ago(No longer accepting applications)","Ellicott City, MD (Hybrid)",Hybrid,Ellicott City,MD,,Closed,https://www.linkedin.com/jobs/view/4338020337/,40
4333698268,Chemistry Rx Compounding and Specialty Pharmacy,Junior Analytics EngineerChemistry Rx Compounding and Specialty Pharmacy · United States (Remote)Applied 6mo ago(No longer accepting applications),United States (Remote),Remote,United States,,,Closed,https://www.linkedin.com/jobs/view/4333698268/,40
4334368752,Daice Labs,"Data Research AnalystDaice Labs · Boston, MA (Remote)Applied 6mo ago(No longer accepting applications)","Boston, MA (Remote)",Remote,Boston,MA,,Closed,https://www.linkedin.com/jobs/view/4334368752/,40
4321193153,MindSource,Web AnalystMindSource · United States (Remote)Applied 6mo ago(No longer accepting applications),United States (Remote),Remote,United States,,,Closed,https://www.linkedin.com/jobs/view/4321193153/,40
4321030659,IMCS Group,"Data AnalystIMCS Group · Malvern, PA (Hybrid)Applied 6mo ago(No longer accepting applications)","Malvern, PA (Hybrid)",Hybrid,Malvern,PA,,Closed,https://www.linkedin.com/jobs/view/4321030659/,41
4321094353,Lorvenk Technologies,Data AnalystLorvenk Technologies · United States (Remote)Applied 6mo ago(No longer accepting applications),United States (Remote),Remote,United States,,,Closed,https://www.linkedin.com/jobs/view/4321094353/,41
4334252632,Advantage Technical,Marketing Data AnalystAdvantage Technical · United States (Remote)Applied 6mo ago(No longer accepting applications),United States (Remote),Remote,United States,,,Closed,https://www.linkedin.com/jobs/view/4334252632/,41
4206698762,Atlantic Group,"Data EngineerAtlantic Group · New York, NY (On-site)Applied 8mo ago(No longer accepting applications)","New York, NY (On-site)",Onsite,New York,NY,,Closed,https://www.linkedin.com/jobs/view/4206698762/,41
4337803267,RandomTrees,Data ScientistRandomTrees · United States (Remote)Applied 6mo ago(No longer accepting applications),United States (Remote),Remote,United States,,,Closed,https://www.linkedin.com/jobs/view/4337803267/,41
4312875737,SEI,"Sales AnalystSEI · Grand Rapids, MI (On-site)Applied 6mo ago(No longer accepting applications)","Grand Rapids, MI (On-site)",Onsite,Grand Rapids,MI,,Closed,https://www.linkedin.com/jobs/view/4312875737/,41
4311725148,Innovative Systems Group,"Information Technology Sales SpecialistInnovative Systems Group · Glen Ellyn, IL (On-site)Applied 7mo ago(No longer accepting applications)","Glen Ellyn, IL (On-site)",Onsite,Glen Ellyn,IL,,Closed,https://www.linkedin.com/jobs/view/4311725148/,41
4308453805,West 4th Capital,"Buyside Business Development Analyst/AssociateWest 4th Capital · New York, United States (Remote)Applied 7mo ago(No longer accepting applications)","New York, United States (Remote)",Remote,"New York, United States",,,Closed,https://www.linkedin.com/jobs/view/4308453805/,41
4315276321,Adecco,"Business Data AnalystAdecco · New York, NY (On-site)Applied 6mo ago(No longer accepting applications)","New York, NY (On-site)",Onsite,New York,NY,,Closed,https://www.linkedin.com/jobs/view/4315276321/,41
4310940907,VivSoft,Business AnalystVivSoft · United States (Remote)Applied 7mo ago(No longer accepting applications),United States (Remote),Remote,United States,,,Closed,https://www.linkedin.com/jobs/view/4310940907/,41
4310953207,Intuvia Technologies,Business AnalystIntuvia Technologies · United States (Remote)Applied 6mo ago(No longer accepting applications),United States (Remote),Remote,United States,,,Closed,https://www.linkedin.com/jobs/view/4310953207/,42
4318489813,"OpenArc, LLC.","Data ArchitectOpenArc, LLC. · New Orleans, LA (On-site)Applied 6mo ago(No longer accepting applications)","New Orleans, LA (On-site)",Onsite,New Orleans,LA,,Closed,https://www.linkedin.com/jobs/view/4318489813/,42
4309797736,Lenmar Consulting Inc,"Entry Level Brokerage / Trading Operations AnalystsLenmar Consulting Inc · Baltimore, MD (Hybrid)Applied 7mo ago(No longer accepting applications)","Baltimore, MD (Hybrid)",Hybrid,Baltimore,MD,,Closed,https://www.linkedin.com/jobs/view/4309797736/,42
4311138490,Savills North America,Finance Operations AnalystSavills North America · New York City Metropolitan Area (On-site)Applied 7mo ago(No longer accepting applications),New York City Metropolitan Area (On-site),Onsite,New York City Metropolitan Area,,,Closed,https://www.linkedin.com/jobs/view/4311138490/,42
4319863890,Synergis,Digital Web AnalystSynergis · United States (Remote)Applied 6mo ago(No longer accepting applications),United States (Remote),Remote,United States,,,Closed,https://www.linkedin.com/jobs/view/4319863890/,42
4318037744,Jobgether,Junior Data Visualization Developer (Remote - US)Jobgether · United States (Remote)Applied 6mo ago(No longer accepting applications),United States (Remote),Remote,United States,,,Closed,https://www.linkedin.com/jobs/view/4318037744/,42
4333358667,LeadStack Inc.,People Analytics AnalystLeadStack Inc. · United States (Remote)Applied 6mo ago(No longer accepting applications),United States (Remote),Remote,United States,,,Closed,https://www.linkedin.com/jobs/view/4333358667/,42
4308787753,Sol-Millennium Medical Group,"Supply Chain AnalystSol-Millennium Medical Group · Chicago, IL (Hybrid)Applied 7mo ago(No longer accepting applications)","Chicago, IL (Hybrid)",Hybrid,Chicago,IL,,Closed,https://www.linkedin.com/jobs/view/4308787753/,42
4333507769,Advize,Data SpecialistAdvize · United States (Remote)Applied 6mo ago(No longer accepting applications),United States (Remote),Remote,United States,,,Closed,https://www.linkedin.com/jobs/view/4333507769/,42
4331472306,US Tech Solutions,Scientific Business Data AnalystUS Tech Solutions · United States (Remote)Applied 6mo ago(No longer accepting applications),United States (Remote),Remote,United States,,,Closed,https://www.linkedin.com/jobs/view/4331472306/,42
4315744829,Calculated Hire,Salesforce Support AnalystCalculated Hire · United States (Remote)Applied 6mo ago(No longer accepting applications),United States (Remote),Remote,United States,,,Closed,https://www.linkedin.com/jobs/view/4315744829/,43
4333822753,Blazel,Fintech Research Analyst (Remote)Blazel · United States (Remote)Applied 6mo ago(No longer accepting applications),United States (Remote),Remote,United States,,,Closed,https://www.linkedin.com/jobs/view/4333822753/,43
4333257055,Net2Source (N2S),Business AnalystNet2Source (N2S) · United States (Remote)Applied 6mo ago(No longer accepting applications),United States (Remote),Remote,United States,,,Closed,https://www.linkedin.com/jobs/view/4333257055/,43
4308842790,WellNow Urgent Care,"Accounting Revenue AnalystWellNow Urgent Care · Chicago, IL (On-site)Applied 7mo ago(No longer accepting applications)","Chicago, IL (On-site)",Onsite,Chicago,IL,,Closed,https://www.linkedin.com/jobs/view/4308842790/,43
4310415175,IntePros,"Data Management & Quantitative Analysis SpecialistIntePros · Pittsburgh, PA (On-site)Applied 7mo ago(No longer accepting applications)","Pittsburgh, PA (On-site)",Onsite,Pittsburgh,PA,,Closed,https://www.linkedin.com/jobs/view/4310415175/,43
4306545488,Saragossa,"Trade Operations - Quant Trading - up to $210k total compensationSaragossa · Chicago, IL (On-site)Applied 7mo ago(No longer accepting applications)","Chicago, IL (On-site)",Onsite,Chicago,IL,,Closed,https://www.linkedin.com/jobs/view/4306545488/,43
4309009164,Webologix Ltd/ INC,Data ScientistWebologix Ltd/ INC · United States (Remote)Applied 7mo ago(No longer accepting applications),United States (Remote),Remote,United States,,,Closed,https://www.linkedin.com/jobs/view/4309009164/,43
4309747862,Ascendion,"System AnalystAscendion · Seattle, WA (Hybrid)Applied 7mo ago(No longer accepting applications)","Seattle, WA (Hybrid)",Hybrid,Seattle,WA,,Closed,https://www.linkedin.com/jobs/view/4309747862/,43
4308946079,TELUS Digital AI Data Solutions,"English Speakers - Online Data Analyst (Freelance, Remote)TELUS Digital AI Data Solutions · Delaware, United States (Remote)Applied 7mo ago(No longer accepting applications)","Delaware, United States (Remote)",Remote,"Delaware, United States",,,Closed,https://www.linkedin.com/jobs/view/4308946079/,43
4310025044,"GT Financial Group, Inc.","Financial Planning & Investment AssociateGT Financial Group, Inc. · Denver, CO (On-site)Applied 7mo ago(No longer accepting applications)","Denver, CO (On-site)",Onsite,Denver,CO,,Closed,https://www.linkedin.com/jobs/view/4310025044/,43
4310876530,MXA Solutions,Business AnalystMXA Solutions · Washington DC-Baltimore Area (Hybrid)Applied 7mo ago(No longer accepting applications),Washington DC-Baltimore Area (Hybrid),Hybrid,Washington DC-Baltimore Area,,,Closed,https://www.linkedin.com/jobs/view/4310876530/,44
4307578015,Basis Technologies,Research & Insights AssociateBasis Technologies · United States (Remote)Applied 7mo ago(No longer accepting applications),United States (Remote),Remote,United States,,,Closed,https://www.linkedin.com/jobs/view/4307578015/,44
4306521685,Trulieve,IT Asset Management CoordinatorTrulieve · Tallahassee Metropolitan Area (Remote)Applied 7mo ago(No longer accepting applications),Tallahassee Metropolitan Area (Remote),Remote,Tallahassee Metropolitan Area,,,Closed,https://www.linkedin.com/jobs/view/4306521685/,44
4302277233,Digitive,AI Labeling Analyst - Entry LevelDigitive · United States (Remote)Applied 7mo ago(No longer accepting applications),United States (Remote),Remote,United States,,,Closed,https://www.linkedin.com/jobs/view/4302277233/,44
4311580444,Smith Hanley Associates,AI Research StrategistSmith Hanley Associates · United States (Remote)Applied 7mo ago(No longer accepting applications),United States (Remote),Remote,United States,,,Closed,https://www.linkedin.com/jobs/view/4311580444/,44
4306694257,Peoplevine,"Account ManagerPeoplevine · Chicago, IL (Hybrid)Applied 7mo ago(No longer accepting applications)","Chicago, IL (Hybrid)",Hybrid,Chicago,IL,,Closed,https://www.linkedin.com/jobs/view/4306694257/,44
4291294511,AAA Global,"Junior Quantitative ResearcherAAA Global · New York, United States (On-site)Applied 7mo ago(No longer accepting applications)","New York, United States (On-site)",Onsite,"New York, United States",,,Closed,https://www.linkedin.com/jobs/view/4291294511/,44
4308059725,Lead Advisor,"Research AnalystLead Advisor · New York, NY (Hybrid)Applied 7mo ago(No longer accepting applications)","New York, NY (Hybrid)",Hybrid,New York,NY,,Closed,https://www.linkedin.com/jobs/view/4308059725/,44
4290911197,CentersquareDC,"Business Intelligence AnalystCentersquareDC · Coppell, TX (On-site)Applied 8mo ago(No longer accepting applications)","Coppell, TX (On-site)",Onsite,Coppell,TX,,Closed,https://www.linkedin.com/jobs/view/4290911197/,44
4303801968,Dexian,"Associate Account ManagerDexian · Chicago, IL (Hybrid)Applied 7mo ago(No longer accepting applications)","Chicago, IL (Hybrid)",Hybrid,Chicago,IL,,Closed,https://www.linkedin.com/jobs/view/4303801968/,44
4311557693,Carnegie,Data Collection SpecialistCarnegie · United States (Remote)Applied 7mo ago(No longer accepting applications),United States (Remote),Remote,United States,,,Closed,https://www.linkedin.com/jobs/view/4311557693/,45
4280851254,"DineEquity, Inc.","Financial AnalystDineEquity, Inc. · Pasadena, CAApplied 8mo ago(No longer accepting applications)","Pasadena, CA",,Pasadena,CA,,Closed,https://www.linkedin.com/jobs/view/4280851254/,45
4305394773,Ampstek,Product Analyst-AI enterprise search PlatformAmpstek · United States (Remote)Applied 7mo ago(No longer accepting applications),United States (Remote),Remote,United States,,,Closed,https://www.linkedin.com/jobs/view/4305394773/,45
4316370170,Eating Recovery Center,Research Data AnalystEating Recovery Center · United States (Remote)Applied 6mo ago(No longer accepting applications),United States (Remote),Remote,United States,,,Closed,https://www.linkedin.com/jobs/view/4316370170/,45
4305466102,Braven,"Associate, Data AnalystBraven · Chicago, IL (Hybrid)Applied 7mo ago(No longer accepting applications)","Chicago, IL (Hybrid)",Hybrid,Chicago,IL,,Closed,https://www.linkedin.com/jobs/view/4305466102/,45
4308853816,Dexian,"Commercial Credit AnalystDexian · Chicago, IL (On-site)Applied 7mo ago(No longer accepting applications)","Chicago, IL (On-site)",Onsite,Chicago,IL,,Closed,https://www.linkedin.com/jobs/view/4308853816/,45
4292504976,First Analysis,"Investment Banking Analyst / Venture Capital Analyst 2025First Analysis · Chicago, IL (Hybrid)Applied 7mo ago(No longer accepting applications)","Chicago, IL (Hybrid)",Hybrid,Chicago,IL,,Closed,https://www.linkedin.com/jobs/view/4292504976/,45
4307589071,HUB International,"Private Client Placement CoordinatorHUB International · Chicago, IL (On-site)Applied 7mo ago(No longer accepting applications)","Chicago, IL (On-site)",Onsite,Chicago,IL,,Closed,https://www.linkedin.com/jobs/view/4307589071/,45
4289942290,Fiducient Advisors,"Performance AnalystFiducient Advisors · Chicago, IL (Hybrid)Applied 7mo ago(No longer accepting applications)","Chicago, IL (Hybrid)",Hybrid,Chicago,IL,,Closed,https://www.linkedin.com/jobs/view/4289942290/,45
4303025309,Alexander Chapman,"Options Quant ResearcherAlexander Chapman · Chicago, IL (On-site)Applied 7mo ago(No longer accepting applications)","Chicago, IL (On-site)",Onsite,Chicago,IL,,Closed,https://www.linkedin.com/jobs/view/4303025309/,45
4302428918,"SunVest Solar, LLC","Operations AnalystSunVest Solar, LLC · Chicago, IL (On-site)Applied 7mo ago(No longer accepting applications)","Chicago, IL (On-site)",Onsite,Chicago,IL,,Closed,https://www.linkedin.com/jobs/view/4302428918/,46
4287560389,Prudential Financial,"Financial AdvisorPrudential Financial · Downers Grove, IL (Hybrid)Applied 7mo ago(No longer accepting applications)","Downers Grove, IL (Hybrid)",Hybrid,Downers Grove,IL,,Closed,https://www.linkedin.com/jobs/view/4287560389/,46
4288941838,Fanduel Inc.,"Finance Business Intelligence AnalystFanduel Inc. · New York, NY (Hybrid)Applied 8mo ago(No longer accepting applications)","New York, NY (Hybrid)",Hybrid,New York,NY,,Closed,https://www.linkedin.com/jobs/view/4288941838/,46
4300323923,Luxoft,"Business AnalystLuxoft · Chicago, IL (Hybrid)Applied 7mo ago(No longer accepting applications)","Chicago, IL (Hybrid)",Hybrid,Chicago,IL,,Closed,https://www.linkedin.com/jobs/view/4300323923/,46
4295594536,McCann New York,"Client Financial AnalystMcCann New York · New York, NY (On-site)Applied 7mo ago(No longer accepting applications)","New York, NY (On-site)",Onsite,New York,NY,,Closed,https://www.linkedin.com/jobs/view/4295594536/,46
4310949693,"Connect Search, LLC","Financial AnalystConnect Search, LLC · Oak Brook, IL (Hybrid)Applied 7mo ago(No longer accepting applications)","Oak Brook, IL (Hybrid)",Hybrid,Oak Brook,IL,,Closed,https://www.linkedin.com/jobs/view/4310949693/,46
4300938079,C2R Ventures,"Quantitative ResearcherC2R Ventures · New York, NY (Hybrid)Applied 7mo ago(No longer accepting applications)","New York, NY (Hybrid)",Hybrid,New York,NY,,Closed,https://www.linkedin.com/jobs/view/4300938079/,46
4309788241,Emonics LLC,"Data AnalystEmonics LLC · Pennsylvania, United States (On-site)Applied 7mo ago(No longer accepting applications)","Pennsylvania, United States (On-site)",Onsite,"Pennsylvania, United States",,,Closed,https://www.linkedin.com/jobs/view/4309788241/,46
4300718553,Limestone Investment Advisors,"Quantitative TraderLimestone Investment Advisors · New York, NY (On-site)Applied 7mo ago(No longer accepting applications)","New York, NY (On-site)",Onsite,New York,NY,,Closed,https://www.linkedin.com/jobs/view/4300718553/,46
4297895963,"Equity LifeStyle Properties, Inc.","Human Resources Information System AnalystEquity LifeStyle Properties, Inc. · Chicago, IL (On-site)Applied 7mo ago(No longer accepting applications)","Chicago, IL (On-site)",Onsite,Chicago,IL,,Closed,https://www.linkedin.com/jobs/view/4297895963/,46
4292851209,Associate Staffing,"Data ScientistAssociate Staffing · Charlotte, NC (On-site)Applied 8mo ago(No longer accepting applications)","Charlotte, NC (On-site)",Onsite,Charlotte,NC,,Closed,https://www.linkedin.com/jobs/view/4292851209/,47
4307063780,TalentBridge,"Help Desk AnalystTalentBridge · Charlotte, NC (Remote)Applied 7mo ago(No longer accepting applications)","Charlotte, NC (Remote)",Remote,Charlotte,NC,,Closed,https://www.linkedin.com/jobs/view/4307063780/,47
4292177641,SpotOn - Corporate,"Platform EngineerSpotOn - Corporate · Chicago, ILApplied 7mo ago(No longer accepting applications)","Chicago, IL",,Chicago,IL,,Closed,https://www.linkedin.com/jobs/view/4292177641/,47
4294380722,Resource Innovations,"AnalystResource Innovations · Chicago, IL (Hybrid)Applied 7mo ago(No longer accepting applications)","Chicago, IL (Hybrid)",Hybrid,Chicago,IL,,Closed,https://www.linkedin.com/jobs/view/4294380722/,47
4284602980,Zest AI,"Financial AnalystZest AI · Burbank, CA (Hybrid)Applied 8mo ago(No longer accepting applications)","Burbank, CA (Hybrid)",Hybrid,Burbank,CA,,Closed,https://www.linkedin.com/jobs/view/4284602980/,47
4299605374,TAG - The Aspen Group,"Finanical Analyst - Reporting and AnalyticsTAG - The Aspen Group · Chicago, IL (On-site)Applied 7mo ago(No longer accepting applications)","Chicago, IL (On-site)",Onsite,Chicago,IL,,Closed,https://www.linkedin.com/jobs/view/4299605374/,47
4299758444,Radley James,"Data EngineerRadley James · Chicago, IL (On-site)Applied 7mo ago(No longer accepting applications)","Chicago, IL (On-site)",Onsite,Chicago,IL,,Closed,https://www.linkedin.com/jobs/view/4299758444/,47
4297447141,Iceberg,"Quantitative AnalystIceberg · New York, United States (Hybrid)Applied 7mo ago(No longer accepting applications)","New York, United States (Hybrid)",Hybrid,"New York, United States",,,Closed,https://www.linkedin.com/jobs/view/4297447141/,47
4298693726,MindSpring Partners LLC,"Junior AnalystMindSpring Partners LLC · Chicago, IL (Hybrid)Applied 7mo ago(No longer accepting applications)","Chicago, IL (Hybrid)",Hybrid,Chicago,IL,,Closed,https://www.linkedin.com/jobs/view/4298693726/,47
4310069172,Engtal,"Information Technology AnalystEngtal · Willowbrook, IL (On-site)Applied 7mo ago(No longer accepting applications)","Willowbrook, IL (On-site)",Onsite,Willowbrook,IL,,Closed,https://www.linkedin.com/jobs/view/4310069172/,47
4310948386,BayRock Labs,Product/ Business AnalystBayRock Labs · United States (Remote)Applied 7mo ago(No longer accepting applications),United States (Remote),Remote,United States,,,Closed,https://www.linkedin.com/jobs/view/4310948386/,48
4278856250,Owlet Baby Care,Privacy & Compliance AnalystOwlet Baby Care · United States (Remote)Applied 7mo ago(No longer accepting applications),United States (Remote),Remote,United States,,,Closed,https://www.linkedin.com/jobs/view/4278856250/,48
4298699195,Workday,"Deal AnalystWorkday · Chicago, IL (Hybrid)Applied 7mo ago(No longer accepting applications)","Chicago, IL (Hybrid)",Hybrid,Chicago,IL,,Closed,https://www.linkedin.com/jobs/view/4298699195/,48
4310002936,"Welocalize, Inc.","Prompt Engineer and Data AnalystWelocalize, Inc. · United States (Remote)Applied 7mo ago(No longer accepting applications)",United States (Remote),Remote,United States,,,Closed,https://www.linkedin.com/jobs/view/4310002936/,48
4306271321,"Take2 Consulting, LLC","Jr Operations AnalystTake2 Consulting, LLC · United States (Remote)Applied 7mo ago(No longer accepting applications)",United States (Remote),Remote,United States,,,Closed,https://www.linkedin.com/jobs/view/4306271321/,48
4302032724,Algoworks,NFL: Business Systems AnalystAlgoworks · New York City Metropolitan Area (Hybrid)Applied 7mo ago(No longer accepting applications),New York City Metropolitan Area (Hybrid),Hybrid,New York City Metropolitan Area,,,Closed,https://www.linkedin.com/jobs/view/4302032724/,48
4310919802,Insight Global,Jr. Data ScientistInsight Global · United States (Remote)Applied 7mo ago(No longer accepting applications),United States (Remote),Remote,United States,,,Closed,https://www.linkedin.com/jobs/view/4310919802/,48
4310021062,Superstep Capital,"Private Equity AssociateSuperstep Capital · New York, NY (Hybrid)Applied 7mo ago(No longer accepting applications)","New York, NY (Hybrid)",Hybrid,New York,NY,,Closed,https://www.linkedin.com/jobs/view/4310021062/,48
4309790596,"Superior Steel Supply, LLC","Business Data AnalystSuperior Steel Supply, LLC · Colorado Springs, CO (Hybrid)Applied 7mo ago(No longer accepting applications)","Colorado Springs, CO (Hybrid)",Hybrid,Colorado Springs,CO,,Closed,https://www.linkedin.com/jobs/view/4309790596/,48
4309658134,KP Recruiting Group,Customer Success/Support Analyst - Banking/FintechKP Recruiting Group · United States (Remote)Applied 7mo ago(No longer accepting applications),United States (Remote),Remote,United States,,,Closed,https://www.linkedin.com/jobs/view/4309658134/,48
4302548211,Prosci,Marketing Data Analytics SpecialistProsci · United States (Remote)Applied 7mo ago(No longer accepting applications),United States (Remote),Remote,United States,,,Closed,https://www.linkedin.com/jobs/view/4302548211/,49
4311139218,NDX Human Capital Solutions,"Ecommerce AnalystNDX Human Capital Solutions · Warren, MI (Hybrid)Applied 7mo ago(No longer accepting applications)","Warren, MI (Hybrid)",Hybrid,Warren,MI,,Closed,https://www.linkedin.com/jobs/view/4311139218/,49
4308782846,RPStaffing,"Data Analysis AssociateRPStaffing · Washington, DC (Remote)Applied 7mo ago(No longer accepting applications)","Washington, DC (Remote)",Remote,Washington,DC,,Closed,https://www.linkedin.com/jobs/view/4308782846/,49
4308095575,Prometheus Group,"Data AnalystPrometheus Group · Raleigh, NC (On-site)Applied 7mo ago(No longer accepting applications)","Raleigh, NC (On-site)",Onsite,Raleigh,NC,,Closed,https://www.linkedin.com/jobs/view/4308095575/,49
4311555068,"Take2 Consulting, LLC","Data EngineerTake2 Consulting, LLC · United States (Remote)Applied 7mo ago(No longer accepting applications)",United States (Remote),Remote,United States,,,Closed,https://www.linkedin.com/jobs/view/4311555068/,49
4308242572,Pareto USA,New Business AssociatePareto USA · United States (Remote)Applied 7mo ago(No longer accepting applications),United States (Remote),Remote,United States,,,Closed,https://www.linkedin.com/jobs/view/4308242572/,49
4305161176,Amerit Consulting,"Risk & Fraud Data Scientist – SQL / Tableau / AWSAmerit Consulting · San Jose, CA (Hybrid)Applied 7mo ago(No longer accepting applications)","San Jose, CA (Hybrid)",Hybrid,San Jose,CA,,Closed,https://www.linkedin.com/jobs/view/4305161176/,49
4265004401,JW Michaels & Co.,"Jr Quant Researcher - Trading DeskJW Michaels & Co. · New York, NY (On-site)Applied 7mo ago(No longer accepting applications)","New York, NY (On-site)",Onsite,New York,NY,,Closed,https://www.linkedin.com/jobs/view/4265004401/,49
4309255926,Ztek Consulting,Business System Analyst - LoansZtek Consulting · United States (Remote)Applied 7mo ago(No longer accepting applications),United States (Remote),Remote,United States,,,Closed,https://www.linkedin.com/jobs/view/4309255926/,49
4311203038,Ledgent Technology,Business Functional AnalystLedgent Technology · United States (Remote)Applied 7mo ago(No longer accepting applications),United States (Remote),Remote,United States,,,Closed,https://www.linkedin.com/jobs/view/4311203038/,49
4303689466,"Red Cedar Investment Management, LLC","Sales & Marketing AssociateRed Cedar Investment Management, LLC · Grand Rapids, MI (On-site)Applied 7mo ago(No longer accepting applications)","Grand Rapids, MI (On-site)",Onsite,Grand Rapids,MI,,Closed,https://www.linkedin.com/jobs/view/4303689466/,50
4310055104,LHH,"Credit AnalystLHH · Chicago, IL (Hybrid)Applied 7mo ago(No longer accepting applications)","Chicago, IL (Hybrid)",Hybrid,Chicago,IL,,Closed,https://www.linkedin.com/jobs/view/4310055104/,50
4305207123,Aditude,Yield AnalystAditude · United States (Remote)Applied 7mo ago(No longer accepting applications),United States (Remote),Remote,United States,,,Closed,https://www.linkedin.com/jobs/view/4305207123/,50
4307072305,Insight Global,Data Quality AnalystInsight Global · United States (Remote)Applied 7mo ago(No longer accepting applications),United States (Remote),Remote,United States,,,Closed,https://www.linkedin.com/jobs/view/4307072305/,50
4303113324,Midspire,"Business Solutions ConsultantMidspire · Schaumburg, IL (On-site)Applied 7mo ago(No longer accepting applications)","Schaumburg, IL (On-site)",Onsite,Schaumburg,IL,,Closed,https://www.linkedin.com/jobs/view/4303113324/,50
4309212181,HUB International,"AnalystHUB International · Pasadena, CA (On-site)Applied 7mo ago(No longer accepting applications)","Pasadena, CA (On-site)",Onsite,Pasadena,CA,,Closed,https://www.linkedin.com/jobs/view/4309212181/,50
4310011146,TransLoop,"Operations SpecialistTransLoop · Chicago, IL (On-site)Applied 7mo ago(No longer accepting applications)","Chicago, IL (On-site)",Onsite,Chicago,IL,,Closed,https://www.linkedin.com/jobs/view/4310011146/,50
4252001007,The Planet Group,"E-Billing CoordinatorThe Planet Group · Chicago, IL (On-site)Applied 7mo ago(No longer accepting applications)","Chicago, IL (On-site)",Onsite,Chicago,IL,,Closed,https://www.linkedin.com/jobs/view/4252001007/,50
4308589759,Cardio Diagnostics Inc.,"Customer Success AssociateCardio Diagnostics Inc. · Chicago, IL (On-site)Applied 7mo ago(No longer accepting applications)","Chicago, IL (On-site)",Onsite,Chicago,IL,,Closed,https://www.linkedin.com/jobs/view/4308589759/,50
4308273846,bet365,"Product Analyst, Gamingbet365 · Denver, CO (On-site)Applied 7mo ago(No longer accepting applications)","Denver, CO (On-site)",Onsite,Denver,CO,,Closed,https://www.linkedin.com/jobs/view/4308273846/,51
4306510598,Jobgether,Data Analyst (Remote - US)Jobgether · United States (Remote)Applied 7mo ago(No longer accepting applications),United States (Remote),Remote,United States,,,Closed,https://www.linkedin.com/jobs/view/4306510598/,51
4291171275,ECLARO,"AI Prompt & Agent DeveloperECLARO · New York, NY (On-site)Applied 8mo ago(No longer accepting applications)","New York, NY (On-site)",Onsite,New York,NY,,Closed,https://www.linkedin.com/jobs/view/4291171275/,51
4310015385,Durian Consultants,Workday ConsultantDurian Consultants · New York City Metropolitan Area (Hybrid)Applied 7mo ago(No longer accepting applications),New York City Metropolitan Area (Hybrid),Hybrid,New York City Metropolitan Area,,,Closed,https://www.linkedin.com/jobs/view/4310015385/,51
4308786361,US Tech Solutions,"CPMS CPAQ Associate (Data Analysis)US Tech Solutions · Thousand Oaks, CA (Hybrid)Applied 7mo ago(No longer accepting applications)","Thousand Oaks, CA (Hybrid)",Hybrid,Thousand Oaks,CA,,Closed,https://www.linkedin.com/jobs/view/4308786361/,51
4298271418,Precision Medicine Group,Associate Research ScientistPrecision Medicine Group · United States (Remote)Applied 7mo ago(No longer accepting applications),United States (Remote),Remote,United States,,,Closed,https://www.linkedin.com/jobs/view/4298271418/,51
4269581229,Metropolis Technologies,"Risk AnalystMetropolis Technologies · Chicago, IL (On-site)Applied 7mo ago(No longer accepting applications)","Chicago, IL (On-site)",Onsite,Chicago,IL,,Closed,https://www.linkedin.com/jobs/view/4269581229/,51
4308096257,Alfa Wave Agency,"Data AnalystAlfa Wave Agency · Boston, MA (Hybrid)Applied 7mo ago(No longer accepting applications)","Boston, MA (Hybrid)",Hybrid,Boston,MA,,Closed,https://www.linkedin.com/jobs/view/4308096257/,51
4262894497,Forbes Technical Consulting,"MS Dynamics ConsultantForbes Technical Consulting · Chicago, IL (Hybrid)Applied 8mo ago(No longer accepting applications)","Chicago, IL (Hybrid)",Hybrid,Chicago,IL,,Closed,https://www.linkedin.com/jobs/view/4262894497/,51
4308992271,NightDragon,Analyst – Venture Capital / Growth EquityNightDragon · San Francisco Bay Area (Remote)Applied 7mo ago(No longer accepting applications),San Francisco Bay Area (Remote),Remote,San Francisco Bay Area,,,Closed,https://www.linkedin.com/jobs/view/4308992271/,51
4308076921,CSI Companies,"Technical Business AnalystCSI Companies · Philadelphia, PA (On-site)Applied 7mo ago(No longer accepting applications)","Philadelphia, PA (On-site)",Onsite,Philadelphia,PA,,Closed,https://www.linkedin.com/jobs/view/4308076921/,52
4301507848,Point One - Hedge Fund Talent,"Quantitative Researcher | CommoditiesPoint One - Hedge Fund Talent · New York, United States (On-site)Applied 7mo ago(No longer accepting applications)","New York, United States (On-site)",Onsite,"New York, United States",,,Closed,https://www.linkedin.com/jobs/view/4301507848/,52
4309633710,Q Partners,"Data AssociateQ Partners · North Carolina, United States (On-site)Applied 7mo ago(No longer accepting applications)","North Carolina, United States (On-site)",Onsite,"North Carolina, United States",,,Closed,https://www.linkedin.com/jobs/view/4309633710/,52
4308631866,BenefitsDNA,Benefits AnalystBenefitsDNA · Greater Harrisburg Area (Remote)Applied 7mo ago(No longer accepting applications),Greater Harrisburg Area (Remote),Remote,Greater Harrisburg Area,,,Closed,https://www.linkedin.com/jobs/view/4308631866/,52
4293925671,Mastech Digital,"Data Center Business AnalystMastech Digital · Dallas, TX (Hybrid)Applied 8mo ago(No longer accepting applications)","Dallas, TX (Hybrid)",Hybrid,Dallas,TX,,Closed,https://www.linkedin.com/jobs/view/4293925671/,52
4308418470,meritt.,"Sales Development Representative - AI SaaS - $85-95k OTE - Hybrid, Chicagomeritt. · Chicago, IL (Hybrid)Applied 7mo ago(No longer accepting applications)","Chicago, IL (Hybrid)",Hybrid,Chicago,IL,,Closed,https://www.linkedin.com/jobs/view/4308418470/,52
4294577040,Spinelli Kilcollin,"Business Systems Analyst - NetSuite & IntegrationsSpinelli Kilcollin · Los Angeles, CA (Hybrid)Applied 8mo ago(No longer accepting applications)","Los Angeles, CA (Hybrid)",Hybrid,Los Angeles,CA,,Closed,https://www.linkedin.com/jobs/view/4294577040/,52
4299619092,NorthGravity,"GravityOps (Intern Support & Data Ops Specialist) InternNorthGravity · Chicago, IL (On-site)Applied 7mo ago(No longer accepting applications)","Chicago, IL (On-site)",Onsite,Chicago,IL,,Closed,https://www.linkedin.com/jobs/view/4299619092/,52
4294424810,Venture Search,"Quantitative TraderVenture Search · New York, United States (On-site)Applied 7mo ago(No longer accepting applications)","New York, United States (On-site)",Onsite,"New York, United States",,,Closed,https://www.linkedin.com/jobs/view/4294424810/,52
4308614485,Arcadia Jets,Aircraft Sales AnalystArcadia Jets · United States (Remote)Applied 7mo ago(No longer accepting applications),United States (Remote),Remote,United States,,,Closed,https://www.linkedin.com/jobs/view/4308614485/,53
4307697158,Genzeon,Data Analyst (Health Plan)Genzeon · United States (Remote)Applied 7mo ago(No longer accepting applications),United States (Remote),Remote,United States,,,Closed,https://www.linkedin.com/jobs/view/4307697158/,53
3694102532,"Luminus Analytics, LLC","Data EngineerLuminus Analytics, LLC · Washington DC-Baltimore Area (Hybrid)Applied 8mo ago(No longer accepting applications)",Washington DC-Baltimore Area (Hybrid),Hybrid,Washington DC-Baltimore Area,,,Closed,https://www.linkedin.com/jobs/view/3694102532/,53
4294233352,"Connect Search, LLC","Investor Communications AnalystConnect Search, LLC · Chicago, IL (Hybrid)Applied 7mo ago(No longer accepting applications)","Chicago, IL (Hybrid)",Hybrid,Chicago,IL,,Closed,https://www.linkedin.com/jobs/view/4294233352/,53
4308952035,Atrium,"Payroll Coordinator - 158014Atrium · Manhattan, NY (Remote)Applied 7mo ago(No longer accepting applications)","Manhattan, NY (Remote)",Remote,Manhattan,NY,,Closed,https://www.linkedin.com/jobs/view/4308952035/,53
4307079104,AARATECH,Data AnalystAARATECH · Greater Chicago Area (On-site)Applied 7mo ago(No longer accepting applications),Greater Chicago Area (On-site),Onsite,Greater Chicago Area,,,Closed,https://www.linkedin.com/jobs/view/4307079104/,53
4306659213,VDart,Financial Data AnalystVDart · United States (Remote)Applied 7mo ago(No longer accepting applications),United States (Remote),Remote,United States,,,Closed,https://www.linkedin.com/jobs/view/4306659213/,53
4307617013,"Blasen Capital, LLC","Entry Level ManagerBlasen Capital, LLC · Chicago, IL (Remote)Applied 7mo ago(No longer accepting applications)","Chicago, IL (Remote)",Remote,Chicago,IL,,Closed,https://www.linkedin.com/jobs/view/4307617013/,53
4306661223,Orchestrade,"Jr. Strategy and Operations AssociateOrchestrade · New York, NY (On-site)Applied 7mo ago(No longer accepting applications)","New York, NY (On-site)",Onsite,New York,NY,,Closed,https://www.linkedin.com/jobs/view/4306661223/,53
4308464215,Helic & Co.,Data AnalystHelic & Co. · United States (Remote)Applied 7mo ago(No longer accepting applications),United States (Remote),Remote,United States,,,Closed,https://www.linkedin.com/jobs/view/4308464215/,53
4307662656,"LandMAR Energy Services, LLC","AnalystLandMAR Energy Services, LLC · Texas, United States (Remote)Applied 7mo ago(No longer accepting applications)","Texas, United States (Remote)",Remote,"Texas, United States",,,Closed,https://www.linkedin.com/jobs/view/4307662656/,54
4304895238,DTI (Diversified Technology Inc.),"Business Data AnalystDTI (Diversified Technology Inc.) · Oak Brook, IL (Hybrid)Applied 7mo ago(No longer accepting applications)","Oak Brook, IL (Hybrid)",Hybrid,Oak Brook,IL,,Closed,https://www.linkedin.com/jobs/view/4304895238/,54
4304803211,Be Marketable,Business Management TraineeBe Marketable · Greater Chicago Area (On-site)Applied 7mo ago(No longer accepting applications),Greater Chicago Area (On-site),Onsite,Greater Chicago Area,,,Closed,https://www.linkedin.com/jobs/view/4304803211/,54
4305812536,Signature IT World Inc,"Salesforce Business AnalystSignature IT World Inc · Parsippany, NJ (Remote)Applied 7mo ago(No longer accepting applications)","Parsippany, NJ (Remote)",Remote,Parsippany,NJ,,Closed,https://www.linkedin.com/jobs/view/4305812536/,54
4308114412,Infojini Inc,"Business Intelligence AnalystInfojini Inc · Sacramento, CA (Hybrid)Applied 7mo ago(No longer accepting applications)","Sacramento, CA (Hybrid)",Hybrid,Sacramento,CA,,Closed,https://www.linkedin.com/jobs/view/4308114412/,54
4287888270,Paragon Alpha - Hedge Fund Talent Business,"Macro Data Scientist - Trading Pod - Hedge Fund - $300kParagon Alpha - Hedge Fund Talent Business · New York, NY (On-site)Applied 7mo ago(No longer accepting applications)","New York, NY (On-site)",Onsite,New York,NY,,Closed,https://www.linkedin.com/jobs/view/4287888270/,54
4293737331,Harrington Starr,"Application SupportHarrington Starr · Chicago, IL (On-site)Applied 7mo ago(No longer accepting applications)","Chicago, IL (On-site)",Onsite,Chicago,IL,,Closed,https://www.linkedin.com/jobs/view/4293737331/,54
4204522993,"Digital Management, Inc","Junior Computer Systems AnalystDigital Management, Inc · United States (Remote)Applied 11mo ago(No longer accepting applications)",United States (Remote),Remote,United States,,,Closed,https://www.linkedin.com/jobs/view/4204522993/,54
4308108014,Axiom Path,"Technical Business Analyst #3447838Axiom Path · Charlotte, NC (On-site)Applied 7mo ago(No longer accepting applications)","Charlotte, NC (On-site)",Onsite,Charlotte,NC,,Closed,https://www.linkedin.com/jobs/view/4308108014/,54
4308085773,Strategic Staffing Solutions,BA/Data Science Analytics ConsultantStrategic Staffing Solutions · Des Moines Metropolitan Area (Hybrid)Applied 7mo ago(No longer accepting applications),Des Moines Metropolitan Area (Hybrid),Hybrid,Des Moines Metropolitan Area,,,Closed,https://www.linkedin.com/jobs/view/4308085773/,54
4306308934,AARATECH,"Data AnalystAARATECH · Chicago, IL (On-site)Applied 7mo ago(No longer accepting applications)","Chicago, IL (On-site)",Onsite,Chicago,IL,,Closed,https://www.linkedin.com/jobs/view/4306308934/,55
4308082550,Flexton Inc.,"Data Analyst/ Customer Success Analyst/ Sales Operations AnalystFlexton Inc. · Chicago, IL (Hybrid)Applied 7mo ago(No longer accepting applications)","Chicago, IL (Hybrid)",Hybrid,Chicago,IL,,Closed,https://www.linkedin.com/jobs/view/4308082550/,55
4306647959,Acro Service Corp,"Data AnalystAcro Service Corp · Houston, TX (On-site)Applied 7mo ago(No longer accepting applications)","Houston, TX (On-site)",Onsite,Houston,TX,,Closed,https://www.linkedin.com/jobs/view/4306647959/,55
4294882492,Harnham,"Staff Product AnalystHarnham · New York, NY (Hybrid)Applied 7mo ago(No longer accepting applications)","New York, NY (Hybrid)",Hybrid,New York,NY,,Closed,https://www.linkedin.com/jobs/view/4294882492/,55
4305616935,"EDGE Services, Inc.","Technology Product AnalystEDGE Services, Inc. · United States (Remote)Applied 7mo ago(No longer accepting applications)",United States (Remote),Remote,United States,,,Closed,https://www.linkedin.com/jobs/view/4305616935/,55
4304695264,DemandWorks,"AdOps AssociateDemandWorks · Chicago, IL (Remote)Applied 7mo ago(No longer accepting applications)","Chicago, IL (Remote)",Remote,Chicago,IL,,Closed,https://www.linkedin.com/jobs/view/4304695264/,55
3903604886,Siltstone Capital,"Analyst  / AssociateSiltstone Capital · Houston, TX (On-site)Applied 7mo ago(No longer accepting applications)","Houston, TX (On-site)",Onsite,Houston,TX,,Closed,https://www.linkedin.com/jobs/view/3903604886/,55
4282195404,JT4,"Data Analyst IJT4 · Edwards, CAApplied 8mo ago(No longer accepting applications)","Edwards, CA",,Edwards,CA,,Closed,https://www.linkedin.com/jobs/view/4282195404/,55
4293047651,Clarity Consultants,"Project Reporting AnalystClarity Consultants · Campbell, CA (Remote)Applied 8mo ago(No longer accepting applications)","Campbell, CA (Remote)",Remote,Campbell,CA,,Closed,https://www.linkedin.com/jobs/view/4293047651/,55
4292973683,Selby Jennings,"Strategic Advisory Analyst | Emerging TechnologySelby Jennings · San Francisco County, CA (Hybrid)Applied 8mo ago(No longer accepting applications)","San Francisco County, CA (Hybrid)",Hybrid,San Francisco County,CA,,Closed,https://www.linkedin.com/jobs/view/4292973683/,55
4292428856,CornerStone Technology Talent Services,"Information Management Business PartnerCornerStone Technology Talent Services · Corpus Christi, TX (On-site)Applied 8mo ago(No longer accepting applications)","Corpus Christi, TX (On-site)",Onsite,Corpus Christi,TX,,Closed,https://www.linkedin.com/jobs/view/4292428856/,56
4292567837,Curate Partners,Machine Learning EngineerCurate Partners · United States (Remote)Applied 8mo ago(No longer accepting applications),United States (Remote),Remote,United States,,,Closed,https://www.linkedin.com/jobs/view/4292567837/,56
4290744585,Albert Bow,"Quantitative ResearcherAlbert Bow · New York, United States (Hybrid)Applied 7mo ago(No longer accepting applications)","New York, United States (Hybrid)",Hybrid,"New York, United States",,,Closed,https://www.linkedin.com/jobs/view/4290744585/,56
4290752374,Albert Bow,"Quantitative ResearcherAlbert Bow · New York, NY (Hybrid)Applied 7mo ago(No longer accepting applications)","New York, NY (Hybrid)",Hybrid,New York,NY,,Closed,https://www.linkedin.com/jobs/view/4290752374/,56
4292189327,CDW,Business Analyst - MS Power PlatformCDW · Greater Chicago Area (Hybrid)Applied 7mo ago(No longer accepting applications),Greater Chicago Area (Hybrid),Hybrid,Greater Chicago Area,,,Closed,https://www.linkedin.com/jobs/view/4292189327/,56
4290323684,Control Risks,"Researcher, Online Threat IntelligenceControl Risks · San Francisco, CA (Hybrid)Applied 8mo ago(No longer accepting applications)","San Francisco, CA (Hybrid)",Hybrid,San Francisco,CA,,Closed,https://www.linkedin.com/jobs/view/4290323684/,56
4292919424,Deutsche Bank,"Quantitative Strategist - AssociateDeutsche Bank · New York, NY (Hybrid)Applied 8mo ago(No longer accepting applications)","New York, NY (Hybrid)",Hybrid,New York,NY,,Closed,https://www.linkedin.com/jobs/view/4292919424/,56
4277281482,Cassidy,"Technical AI Solutions Engineer - Recent GradCassidy · New York, NY (On-site)Applied 8mo ago(No longer accepting applications)","New York, NY (On-site)",Onsite,New York,NY,,Closed,https://www.linkedin.com/jobs/view/4277281482/,56
4295370240,Ektello llc,"Data Analyst (DBT, Snowflake,  Ad-tech)Ektello llc · New York, NY (On-site)Applied 7mo ago(No longer accepting applications)","New York, NY (On-site)",Onsite,New York,NY,,Closed,https://www.linkedin.com/jobs/view/4295370240/,56
4292436117,Robert Half,Data Center EngineerRobert Half · United States (Remote)Applied 8mo ago(No longer accepting applications),United States (Remote),Remote,United States,,,Closed,https://www.linkedin.com/jobs/view/4292436117/,56
4288580944,Phaidon International,"Entry Level Recruitment Consultant - January StartPhaidon International · New York, NY (On-site)Applied 8mo ago(No longer accepting applications)","New York, NY (On-site)",Onsite,New York,NY,,Closed,https://www.linkedin.com/jobs/view/4288580944/,57
4290957665,Savills North America,"Data Visualization Specialist, Digital ExperienceSavills North America · Chicago, IL (Hybrid)Applied 8mo ago(No longer accepting applications)","Chicago, IL (Hybrid)",Hybrid,Chicago,IL,,Closed,https://www.linkedin.com/jobs/view/4290957665/,57
4291464668,Central Point Partners,"Business Systems Analyst with search implementation and e-commerceCentral Point Partners · Corte Madera, CA (Hybrid)Applied 8mo ago(No longer accepting applications)","Corte Madera, CA (Hybrid)",Hybrid,Corte Madera,CA,,Closed,https://www.linkedin.com/jobs/view/4291464668/,57
4285930259,"New York, NY • (On-site)","Quantitative Developer (hedge fund)New York, NY • (On-site)Applied 7mo ago(No longer accepting applications)",,,,,,Closed,https://www.linkedin.com/jobs/view/4285930259/,57
4286766127,eGain Corporation,"AI Sales AnalysteGain Corporation · Sunnyvale, CA (On-site)Applied 8mo ago(No longer accepting applications)","Sunnyvale, CA (On-site)",Onsite,Sunnyvale,CA,,Closed,https://www.linkedin.com/jobs/view/4286766127/,57
4281388184,Witness Investment,Enterprise Data & Analytics AssociateWitness Investment · Greater Chicago Area (On-site)Applied 7mo ago(No longer accepting applications),Greater Chicago Area (On-site),Onsite,Greater Chicago Area,,,Closed,https://www.linkedin.com/jobs/view/4281388184/,57
4298394417,WTECH Search,"Data Analytics Engineer - Investment ManagerWTECH Search · New York, NY (On-site)Applied 7mo ago(No longer accepting applications)","New York, NY (On-site)",Onsite,New York,NY,,Closed,https://www.linkedin.com/jobs/view/4298394417/,57
4289931267,Incedo Inc.,"Data EngineerIncedo Inc. · Florham Park, NJ (On-site)Applied 8mo ago(No longer accepting applications)","Florham Park, NJ (On-site)",Onsite,Florham Park,NJ,,Closed,https://www.linkedin.com/jobs/view/4289931267/,57
4289426375,MS Capital Singapore,"Quantitative Researcher — Systematic MacroMS Capital Singapore · New York, United States (On-site)Applied 7mo ago(No longer accepting applications)","New York, United States (On-site)",Onsite,"New York, United States",,,Closed,https://www.linkedin.com/jobs/view/4289426375/,57
4286722246,Russell Tobin,"Business Intelligence EngineerRussell Tobin · Pleasanton, CA (Hybrid)Applied 8mo ago(No longer accepting applications)","Pleasanton, CA (Hybrid)",Hybrid,Pleasanton,CA,,Closed,https://www.linkedin.com/jobs/view/4286722246/,57
4289021845,Winterberry Group,"AnalystWinterberry Group · New York, NY (Hybrid)Applied 8mo ago(No longer accepting applications)","New York, NY (Hybrid)",Hybrid,New York,NY,,Closed,https://www.linkedin.com/jobs/view/4289021845/,58
4301321192,DetaPent,"Junior Business AnalystDetaPent · New York, United States (Remote)Applied 7mo ago(No longer accepting applications)","New York, United States (Remote)",Remote,"New York, United States",,,Closed,https://www.linkedin.com/jobs/view/4301321192/,58
4292564086,Connecticut General Assembly,"Legislative Analyst-Office of Legislative ResearchConnecticut General Assembly · Hartford, CT (On-site)Applied 8mo ago(No longer accepting applications)","Hartford, CT (On-site)",Onsite,Hartford,CT,,Closed,https://www.linkedin.com/jobs/view/4292564086/,58
4288259343,Green Key Resources,"Business System AnalystGreen Key Resources · Teaneck, NJ (Hybrid)Applied 8mo ago(No longer accepting applications)","Teaneck, NJ (Hybrid)",Hybrid,Teaneck,NJ,,Closed,https://www.linkedin.com/jobs/view/4288259343/,58
4263776582,CyberCoders,"AI/ML Engineer - CV FocusCyberCoders · Boston, MA (Hybrid)Applied 8mo ago(No longer accepting applications)","Boston, MA (Hybrid)",Hybrid,Boston,MA,,Closed,https://www.linkedin.com/jobs/view/4263776582/,58
4288254702,Eliassen Group,Information Technology Business AnalystEliassen Group · Charlotte Metro (Hybrid)Applied 8mo ago(No longer accepting applications),Charlotte Metro (Hybrid),Hybrid,Charlotte Metro,,,Closed,https://www.linkedin.com/jobs/view/4288254702/,58
4131801935,"MONTICELLOAM, LLC","Analytics EngineerMONTICELLOAM, LLC · New York, NY (On-site)Applied 7mo ago(No longer accepting applications)","New York, NY (On-site)",Onsite,New York,NY,,Closed,https://www.linkedin.com/jobs/view/4131801935/,58
4288951659,Selby Jennings,"Data Software Engineer - Prop TradingSelby Jennings · Chicago, IL (On-site)Applied 7mo ago(No longer accepting applications)","Chicago, IL (On-site)",Onsite,Chicago,IL,,Closed,https://www.linkedin.com/jobs/view/4288951659/,58
4288933842,The Judge Group,"Business AnalystThe Judge Group · Chicago, IL (Hybrid)Applied 8mo ago(No longer accepting applications)","Chicago, IL (Hybrid)",Hybrid,Chicago,IL,,Closed,https://www.linkedin.com/jobs/view/4288933842/,58
4288960136,Alexander Chapman,"Macro Quantitative ResearcherAlexander Chapman · New York, United States (On-site)Applied 7mo ago(No longer accepting applications)","New York, United States (On-site)",Onsite,"New York, United States",,,Closed,https://www.linkedin.com/jobs/view/4288960136/,58
4300095906,E-Solutions,"AWS Data ArchitectE-Solutions · Tarrytown, NY (On-site)Applied 7mo ago(No longer accepting applications)","Tarrytown, NY (On-site)",Onsite,Tarrytown,NY,,Closed,https://www.linkedin.com/jobs/view/4300095906/,59
4288088142,Cypress HCM,"Pricing AnalystCypress HCM · San Jose, CA (Hybrid)Applied 8mo ago(No longer accepting applications)","San Jose, CA (Hybrid)",Hybrid,San Jose,CA,,Closed,https://www.linkedin.com/jobs/view/4288088142/,59
4295830151,Glocomms,"Data Analyst - Quality & SystemsGlocomms · Brooklyn, NY (On-site)Applied 7mo ago(No longer accepting applications)","Brooklyn, NY (On-site)",Onsite,Brooklyn,NY,,Closed,https://www.linkedin.com/jobs/view/4295830151/,59
4286324184,BeaconFire Inc.,"Data EngineerBeaconFire Inc. · New Jersey, United States (On-site)Applied 8mo ago(No longer accepting applications)","New Jersey, United States (On-site)",Onsite,"New Jersey, United States",,,Closed,https://www.linkedin.com/jobs/view/4286324184/,59
4288479087,Macy's,Product AnalystMacy's · New York City Metropolitan Area (On-site)Applied 8mo ago(No longer accepting applications),New York City Metropolitan Area (On-site),Onsite,New York City Metropolitan Area,,,Closed,https://www.linkedin.com/jobs/view/4288479087/,59
4293236178,"White Plains, NY • (Hybrid)","financial engineerWhite Plains, NY • (Hybrid)Applied 8mo ago(No longer accepting applications)",,,,,,Closed,https://www.linkedin.com/jobs/view/4293236178/,59
4289536762,IT Associates,"Data Analytics EngineerIT Associates · Rosemont, IL (Hybrid)Applied 7mo ago(No longer accepting applications)","Rosemont, IL (Hybrid)",Hybrid,Rosemont,IL,,Closed,https://www.linkedin.com/jobs/view/4289536762/,59
4295822042,Capgemini Invent,Data Strategy & AI ReadinessCapgemini Invent · Greater Chicago Area (Hybrid)Applied 7mo ago(No longer accepting applications),Greater Chicago Area (Hybrid),Hybrid,Greater Chicago Area,,,Closed,https://www.linkedin.com/jobs/view/4295822042/,59
4288401878,Analytic Recruiting Inc.,"Pricing Analyst - PythonAnalytic Recruiting Inc. · New York, NY (Hybrid)Applied 8mo ago(No longer accepting applications)","New York, NY (Hybrid)",Hybrid,New York,NY,,Closed,https://www.linkedin.com/jobs/view/4288401878/,59
4287531063,Prairie Consulting Services,"Product AnalystPrairie Consulting Services · Chicago, IL (Hybrid)Applied 8mo ago(No longer accepting applications)","Chicago, IL (Hybrid)",Hybrid,Chicago,IL,,Closed,https://www.linkedin.com/jobs/view/4287531063/,59
4287958802,Selby Jennings,"Treasury Quant Analyst - Capital OptimizationSelby Jennings · New York, NY (Hybrid)Applied 7mo ago(No longer accepting applications)","New York, NY (Hybrid)",Hybrid,New York,NY,,Closed,https://www.linkedin.com/jobs/view/4287958802/,60
4252361632,Bamboo X,Data ScientistBamboo X · United States (Remote)Applied 8mo ago(No longer accepting applications),United States (Remote),Remote,United States,,,Closed,https://www.linkedin.com/jobs/view/4252361632/,60
4297093165,Durlston Partners,"Quantitative StrategistDurlston Partners · New York, United States (On-site)Applied 7mo ago(No longer accepting applications)","New York, United States (On-site)",Onsite,"New York, United States",,,Closed,https://www.linkedin.com/jobs/view/4297093165/,60
4287936003,C2R Ventures,"Quantitative DeveloperC2R Ventures · New York, NY (On-site)Applied 7mo ago(No longer accepting applications)","New York, NY (On-site)",Onsite,New York,NY,,Closed,https://www.linkedin.com/jobs/view/4287936003/,60
4300571066,Qenexus,"Quantitative Trader - EquitiesQenexus · New York, United States (On-site)Applied 7mo ago(No longer accepting applications)","New York, United States (On-site)",Onsite,"New York, United States",,,Closed,https://www.linkedin.com/jobs/view/4300571066/,60
4301194748,Intelligence and Strategic Advisors (i.s.a.),AnalystIntelligence and Strategic Advisors (i.s.a.) · Greater Chicago Area (On-site)Applied 7mo ago(No longer accepting applications),Greater Chicago Area (On-site),Onsite,Greater Chicago Area,,,Closed,https://www.linkedin.com/jobs/view/4301194748/,60
4294821716,Confidential Company,"Data Analyst (Media Analyst)Confidential Company · Chicago, IL (Hybrid)Applied 8mo ago(No longer accepting applications)","Chicago, IL (Hybrid)",Hybrid,Chicago,IL,,Closed,https://www.linkedin.com/jobs/view/4294821716/,60
4292413878,Pallas Security,AI Security Research EngineerPallas Security · San Francisco Bay Area (On-site)Applied 8mo ago(No longer accepting applications),San Francisco Bay Area (On-site),Onsite,San Francisco Bay Area,,,Closed,https://www.linkedin.com/jobs/view/4292413878/,60
4292668612,"Delphi-US, LLC - Peacemakers in the Talent War","Data and Applications AssistantDelphi-US, LLC - Peacemakers in the Talent War · Providence, RI (On-site)Applied 8mo ago(No longer accepting applications)","Providence, RI (On-site)",Onsite,Providence,RI,,Closed,https://www.linkedin.com/jobs/view/4292668612/,60
4253965762,Ignite Digital Services,"Data AnalystIgnite Digital Services · San Diego, CAApplied 8mo ago(No longer accepting applications)","San Diego, CA",,San Diego,CA,,Closed,https://www.linkedin.com/jobs/view/4253965762/,60
4292189286,"Connect Search, LLC","Data AnalystConnect Search, LLC · Elmhurst, IL (Hybrid)Applied 8mo ago(No longer accepting applications)","Elmhurst, IL (Hybrid)",Hybrid,Elmhurst,IL,,Closed,https://www.linkedin.com/jobs/view/4292189286/,61
4283551379,Nexxus Holdings,"Investment AnalystNexxus Holdings · Santa Barbara, CA (On-site)Applied 8mo ago(No longer accepting applications)","Santa Barbara, CA (On-site)",Onsite,Santa Barbara,CA,,Closed,https://www.linkedin.com/jobs/view/4283551379/,61
4292429661,Emids,"Business Intelligence AnalystEmids · Nashville, TN (On-site)Applied 8mo ago(No longer accepting applications)","Nashville, TN (On-site)",Onsite,Nashville,TN,,Closed,https://www.linkedin.com/jobs/view/4292429661/,61
4279715046,Eudia,"Augmented StrategistEudia · Palo Alto, CA (On-site)Applied 8mo ago(No longer accepting applications)","Palo Alto, CA (On-site)",Onsite,Palo Alto,CA,,Closed,https://www.linkedin.com/jobs/view/4279715046/,61
4288274245,Insight Global,"Financial Data AnalystInsight Global · Charlotte, NC (Hybrid)Applied 8mo ago(No longer accepting applications)","Charlotte, NC (Hybrid)",Hybrid,Charlotte,NC,,Closed,https://www.linkedin.com/jobs/view/4288274245/,61
4284161683,The Planet Group,"Technical Business AnalystThe Planet Group · Dallas, TX (Hybrid)Applied 8mo ago(No longer accepting applications)","Dallas, TX (Hybrid)",Hybrid,Dallas,TX,,Closed,https://www.linkedin.com/jobs/view/4284161683/,61
4282243108,Macy's,Financial Systems RPA AnalystMacy's · United States (Remote)Applied 8mo ago(No longer accepting applications),United States (Remote),Remote,United States,,,Closed,https://www.linkedin.com/jobs/view/4282243108/,61
4296088361,Third Bridge,"Associate, Private Market Clients - (January 2026 Start)Third Bridge · New York, NY (On-site)Applied 8mo ago(No longer accepting applications)","New York, NY (On-site)",Onsite,New York,NY,,Closed,https://www.linkedin.com/jobs/view/4296088361/,61
4283794048,Confidential,Quantitative Risk AnalystConfidential · New York City Metropolitan Area (On-site)Applied 8mo ago(No longer accepting applications),New York City Metropolitan Area (On-site),Onsite,New York City Metropolitan Area,,,Closed,https://www.linkedin.com/jobs/view/4283794048/,61
4290757906,"AG Consulting Partners, Inc.","AI Agent DeveloperAG Consulting Partners, Inc. · Redmond, WA (Hybrid)Applied 8mo ago(No longer accepting applications)","Redmond, WA (Hybrid)",Hybrid,Redmond,WA,,Closed,https://www.linkedin.com/jobs/view/4290757906/,61
4283778677,JR Automation,"Database & BI AnalystJR Automation · Holland, MI (Hybrid)Applied 8mo ago(No longer accepting applications)","Holland, MI (Hybrid)",Hybrid,Holland,MI,,Closed,https://www.linkedin.com/jobs/view/4283778677/,62
4292568816,"MEDA Engineering and Technical Servicess, LLC","Service Parts Analyst [14171]MEDA Engineering and Technical Servicess, LLC · Auburn Hills, MI (On-site)Applied 8mo ago(No longer accepting applications)","Auburn Hills, MI (On-site)",Onsite,Auburn Hills,MI,,Closed,https://www.linkedin.com/jobs/view/4292568816/,62
4294227595,ATR International,"Business Continuity AnalystATR International · San Francisco, CA (On-site)Applied 8mo ago(No longer accepting applications)","San Francisco, CA (On-site)",Onsite,San Francisco,CA,,Closed,https://www.linkedin.com/jobs/view/4294227595/,62
4282284373,IntePros,"Data Analyst IIntePros · Seattle, WA (Hybrid)Applied 8mo ago(No longer accepting applications)","Seattle, WA (Hybrid)",Hybrid,Seattle,WA,,Closed,https://www.linkedin.com/jobs/view/4282284373/,62
4283085792,Rate,Marketing Data AnalystRate · United States (Remote)Applied 8mo ago(No longer accepting applications),United States (Remote),Remote,United States,,,Closed,https://www.linkedin.com/jobs/view/4283085792/,62
4293006606,fundamental.ai,LLM Data Research Engineerfundamental.ai · United States (Remote)Applied 8mo ago(No longer accepting applications),United States (Remote),Remote,United States,,,Closed,https://www.linkedin.com/jobs/view/4293006606/,62
4288582290,Conviso Inc.,"Junior PowerBI DeveloperConviso Inc. · Washington, DC (Remote)Applied 8mo ago(No longer accepting applications)","Washington, DC (Remote)",Remote,Washington,DC,,Closed,https://www.linkedin.com/jobs/view/4288582290/,62
4292914931,Gravity IT Resources,Jr. BA/TesterGravity IT Resources · United States (Remote)Applied 8mo ago(No longer accepting applications),United States (Remote),Remote,United States,,,Closed,https://www.linkedin.com/jobs/view/4292914931/,62
4291073439,Norton Blake,"Data EngineerNorton Blake · New York, NY (On-site)Applied 8mo ago(No longer accepting applications)","New York, NY (On-site)",Onsite,New York,NY,,Closed,https://www.linkedin.com/jobs/view/4291073439/,62
4279849225,Boyd Gaming,"Analyst Data StrategiesBoyd Gaming · Las Vegas, NV (On-site)Applied 8mo ago(No longer accepting applications)","Las Vegas, NV (On-site)",Onsite,Las Vegas,NV,,Closed,https://www.linkedin.com/jobs/view/4279849225/,62
4296341011,Akkodis,"Salesforce ConsultantAkkodis · Cambridge, MA (Hybrid)Applied 8mo ago(No longer accepting applications)","Cambridge, MA (Hybrid)",Hybrid,Cambridge,MA,,Closed,https://www.linkedin.com/jobs/view/4296341011/,63
4289354997,"Softworld, a Kelly Company","Marketing Data AnalystSoftworld, a Kelly Company · Sunnyvale, CA (On-site)Applied 8mo ago(No longer accepting applications)","Sunnyvale, CA (On-site)",Onsite,Sunnyvale,CA,,Closed,https://www.linkedin.com/jobs/view/4289354997/,63
4293955844,Warby Parker,"Retail Workforce Management AnalystWarby Parker · New York, NY (Hybrid)Applied 8mo ago(No longer accepting applications)","New York, NY (Hybrid)",Hybrid,New York,NY,,Closed,https://www.linkedin.com/jobs/view/4293955844/,63
4268802047,Fabletics,"AllocatorFabletics · El Segundo, CA (Hybrid)Applied 8mo ago(No longer accepting applications)","El Segundo, CA (Hybrid)",Hybrid,El Segundo,CA,,Closed,https://www.linkedin.com/jobs/view/4268802047/,63
4293038200,Autopilot,"Marketing Data AnalystAutopilot · New York, NY (On-site)Applied 8mo ago(No longer accepting applications)","New York, NY (On-site)",Onsite,New York,NY,,Closed,https://www.linkedin.com/jobs/view/4293038200/,63
4293021905,"Stellar Consulting Solutions, LLC","Data AnalystStellar Consulting Solutions, LLC · United States (Remote)Applied 8mo ago(No longer accepting applications)",United States (Remote),Remote,United States,,,Closed,https://www.linkedin.com/jobs/view/4293021905/,63
4288957491,Enrich,"Business Systems Associate (Airtable, Salesforce, Hubspot, Zapier/ No Code Tools)Enrich · San Francisco Bay Area (On-site)Applied 8mo ago(No longer accepting applications)",San Francisco Bay Area (On-site),Onsite,San Francisco Bay Area,,,Closed,https://www.linkedin.com/jobs/view/4288957491/,63
4262019036,"Lexington Medical, Inc","Business Systems & Data AnalystLexington Medical, Inc · Bedford, MA (On-site)Applied 8mo ago(No longer accepting applications)","Bedford, MA (On-site)",Onsite,Bedford,MA,,Closed,https://www.linkedin.com/jobs/view/4262019036/,63
4288693837,Franklin Fitch,"System AnalystFranklin Fitch · Boston, MA (Hybrid)Applied 8mo ago(No longer accepting applications)","Boston, MA (Hybrid)",Hybrid,Boston,MA,,Closed,https://www.linkedin.com/jobs/view/4288693837/,63
4288275828,Jack,Business AnalystJack · United States (Remote)Applied 8mo ago(No longer accepting applications),United States (Remote),Remote,United States,,,Closed,https://www.linkedin.com/jobs/view/4288275828/,63
4292996220,ROTH Capital Partners,"Equity Research InternROTH Capital Partners · Newport Beach, CA (On-site)Applied 8mo ago(No longer accepting applications)","Newport Beach, CA (On-site)",Onsite,Newport Beach,CA,,Closed,https://www.linkedin.com/jobs/view/4292996220/,64
4293401332,Montegallo.,Financial AnalystMontegallo. · United States (Remote)Applied 8mo ago(No longer accepting applications),United States (Remote),Remote,United States,,,Closed,https://www.linkedin.com/jobs/view/4293401332/,64
4290768310,Brewer Morris,"Financial Analyst, Business InsightsBrewer Morris · Chicago, IL (Hybrid)Applied 8mo ago(No longer accepting applications)","Chicago, IL (Hybrid)",Hybrid,Chicago,IL,,Closed,https://www.linkedin.com/jobs/view/4290768310/,64
4280260822,Chrome Hearts,"Business System Analyst - WarehouseChrome Hearts · Los Angeles, CA (On-site)Applied 8mo ago(No longer accepting applications)","Los Angeles, CA (On-site)",Onsite,Los Angeles,CA,,Closed,https://www.linkedin.com/jobs/view/4280260822/,64
4292429775,ATC,"Oracle Database AdministratorATC · Lansing, MI (Hybrid)Applied 8mo ago(No longer accepting applications)","Lansing, MI (Hybrid)",Hybrid,Lansing,MI,,Closed,https://www.linkedin.com/jobs/view/4292429775/,64
4292430945,LHH,Compensation AnalystLHH · United States (Remote)Applied 8mo ago(No longer accepting applications),United States (Remote),Remote,United States,,,Closed,https://www.linkedin.com/jobs/view/4292430945/,64
4290760532,Technology Ventures,"Data Modeling AnalystTechnology Ventures · Reston, VA (On-site)Applied 8mo ago(No longer accepting applications)","Reston, VA (On-site)",Onsite,Reston,VA,,Closed,https://www.linkedin.com/jobs/view/4290760532/,64
4292934072,"TURING ENTERPRISES, INC","Remote Business Analyst - 20929TURING ENTERPRISES, INC · New York, United States (Remote)Applied 8mo ago(No longer accepting applications)","New York, United States (Remote)",Remote,"New York, United States",,,Closed,https://www.linkedin.com/jobs/view/4292934072/,64
4291187353,HCLTech,"Business AnalystHCLTech · San Francisco, CA (On-site)Applied 8mo ago(No longer accepting applications)","San Francisco, CA (On-site)",Onsite,San Francisco,CA,,Closed,https://www.linkedin.com/jobs/view/4291187353/,65
4292429806,Morph Enterprise,"Oracle DBA (MI local only)Morph Enterprise · Lansing, MI (On-site)Applied 8mo ago(No longer accepting applications)","Lansing, MI (On-site)",Onsite,Lansing,MI,,Closed,https://www.linkedin.com/jobs/view/4292429806/,65
4278315880,Vertex Solutions Inc.,Data Analyst/Low Code EngineeringVertex Solutions Inc. · United States (Remote)Applied 8mo ago(No longer accepting applications),United States (Remote),Remote,United States,,,Closed,https://www.linkedin.com/jobs/view/4278315880/,65
4292981946,The Louis D. Brandeis Center for Human Rights Under Law,"Development Research and Data AssociateThe Louis D. Brandeis Center for Human Rights Under Law · Washington, DC (On-site)Applied 8mo ago(No longer accepting applications)","Washington, DC (On-site)",Onsite,Washington,DC,,Closed,https://www.linkedin.com/jobs/view/4292981946/,65
4292426481,Zenith,"Analyst, Media AnalyticsZenith · New York City Metropolitan Area (Hybrid)Applied 8mo ago(No longer accepting applications)",New York City Metropolitan Area (Hybrid),Hybrid,New York City Metropolitan Area,,,Closed,https://www.linkedin.com/jobs/view/4292426481/,65
4292994057,Delmar Nord,Quantitative Developer (C++ & Python) | New Team Build (Seattle) | Elite Quant Hedge FundDelmar Nord · Greater Seattle Area (On-site)Applied 8mo ago(No longer accepting applications),Greater Seattle Area (On-site),Onsite,Greater Seattle Area,,,Closed,https://www.linkedin.com/jobs/view/4292994057/,65
4278852133,Mondrian Alpha,"Quantitative Analytics AssociateMondrian Alpha · Stamford, CT (On-site)Applied 8mo ago(No longer accepting applications)","Stamford, CT (On-site)",Onsite,Stamford,CT,,Closed,https://www.linkedin.com/jobs/view/4278852133/,65
4279649743,"TechnoSmarts, Inc.","Python Data AnalystTechnoSmarts, Inc. · California, United States (Remote)Applied 8mo ago(No longer accepting applications)","California, United States (Remote)",Remote,"California, United States",,,Closed,https://www.linkedin.com/jobs/view/4279649743/,65
4292457783,WorkGenius Group,"Commercial Data AnalystWorkGenius Group · Santa Monica, CA (Hybrid)Applied 8mo ago(No longer accepting applications)","Santa Monica, CA (Hybrid)",Hybrid,Santa Monica,CA,,Closed,https://www.linkedin.com/jobs/view/4292457783/,65
4292430687,"York Solutions, LLC","Marketing Business AnalystYork Solutions, LLC · United States (Remote)Applied 8mo ago(No longer accepting applications)",United States (Remote),Remote,United States,,,Closed,https://www.linkedin.com/jobs/view/4292430687/,65
4291884596,Compunnel Inc.,"PMO - Financial AnalystCompunnel Inc. · Torrance, CA (On-site)Applied 8mo ago(No longer accepting applications)","Torrance, CA (On-site)",Onsite,Torrance,CA,,Closed,https://www.linkedin.com/jobs/view/4291884596/,66
4293035132,Insight Global,"Junior Data AnalystInsight Global · Tempe, AZ (Hybrid)Applied 8mo ago(No longer accepting applications)","Tempe, AZ (Hybrid)",Hybrid,Tempe,AZ,,Closed,https://www.linkedin.com/jobs/view/4293035132/,66
4293000297,Gallant,"System AdministratorGallant · Houston, TX (Hybrid)Applied 8mo ago(No longer accepting applications)","Houston, TX (Hybrid)",Hybrid,Houston,TX,,Closed,https://www.linkedin.com/jobs/view/4293000297/,66
4291969241,JLab,"Digital Sales Intelligence AnalystJLab · Carlsbad, CA (Hybrid)Applied 8mo ago(No longer accepting applications)","Carlsbad, CA (Hybrid)",Hybrid,Carlsbad,CA,,Closed,https://www.linkedin.com/jobs/view/4291969241/,66
4292688597,eTeam,"Data AnalyticseTeam · Dallas, TX (On-site)Applied 8mo ago(No longer accepting applications)","Dallas, TX (On-site)",Onsite,Dallas,TX,,Closed,https://www.linkedin.com/jobs/view/4292688597/,66
4293298245,James Search Group,Data AnalystJames Search Group · United States (Remote)Applied 8mo ago(No longer accepting applications),United States (Remote),Remote,United States,,,Closed,https://www.linkedin.com/jobs/view/4293298245/,66
4292633883,American Technology Consulting - ATC,"Data AnalystAmerican Technology Consulting - ATC · New York, United States (On-site)Applied 8mo ago(No longer accepting applications)","New York, United States (On-site)",Onsite,"New York, United States",,,Closed,https://www.linkedin.com/jobs/view/4292633883/,66
4292637758,American Technology Consulting - ATC,"Data AnalystAmerican Technology Consulting - ATC · New York, United States (On-site)Applied 8mo ago(No longer accepting applications)","New York, United States (On-site)",Onsite,"New York, United States",,,Closed,https://www.linkedin.com/jobs/view/4292637758/,66
4291173770,Franklin Street,"Financial AnalystFranklin Street · Dallas, TX (On-site)Applied 8mo ago(No longer accepting applications)","Dallas, TX (On-site)",Onsite,Dallas,TX,,Closed,https://www.linkedin.com/jobs/view/4291173770/,66
4292994168,Helic & Co.,Data AnalystHelic & Co. · United States (Remote)Applied 8mo ago(No longer accepting applications),United States (Remote),Remote,United States,,,Closed,https://www.linkedin.com/jobs/view/4292994168/,67
4292920719,Tempest Vane Partners,"Quant Analytics Support Analyst, Hedge Fund FinTechTempest Vane Partners · New York City Metropolitan Area (Hybrid)Applied 8mo ago(No longer accepting applications)",New York City Metropolitan Area (Hybrid),Hybrid,New York City Metropolitan Area,,,Closed,https://www.linkedin.com/jobs/view/4292920719/,67
4293031159,SV Recruitment Solutions,"Research & Survey Analyst, Junior (Market Research)SV Recruitment Solutions · New York, United States (Hybrid)Applied 8mo ago(No longer accepting applications)","New York, United States (Hybrid)",Hybrid,"New York, United States",,,Closed,https://www.linkedin.com/jobs/view/4293031159/,67
4293309572,Tech Consulting,"Junior Data EngineerTech Consulting · Raleigh, NC (On-site)Applied 8mo ago(No longer accepting applications)","Raleigh, NC (On-site)",Onsite,Raleigh,NC,,Closed,https://www.linkedin.com/jobs/view/4293309572/,67
4292920368,The Leavitt Corporation,"Analyst, Finance and AccountingThe Leavitt Corporation · Everett, MA (On-site)Applied 8mo ago(No longer accepting applications)","Everett, MA (On-site)",Onsite,Everett,MA,,Closed,https://www.linkedin.com/jobs/view/4292920368/,67
4263483843,CPC Marketing,"Junior Data ScientistCPC Marketing · Chicago, IL (On-site)Applied 8mo ago(No longer accepting applications)","Chicago, IL (On-site)",Onsite,Chicago,IL,,Closed,https://www.linkedin.com/jobs/view/4263483843/,67
4291482486,Future Mode,"AI Financial AnalystFuture Mode · Santa Clara, CA (Hybrid)Applied 8mo ago(No longer accepting applications)","Santa Clara, CA (Hybrid)",Hybrid,Santa Clara,CA,,Closed,https://www.linkedin.com/jobs/view/4291482486/,67
4293309608,"Strategic Portfolio Solutions, LLC","Trader / AnalystStrategic Portfolio Solutions, LLC · Dallas, TX (On-site)Applied 8mo ago(No longer accepting applications)","Dallas, TX (On-site)",Onsite,Dallas,TX,,Closed,https://www.linkedin.com/jobs/view/4293309608/,67
4292437136,Feel,Founding Engineer – Applied AI (Chatbot + Emotion Tech)Feel · United States (Remote)Applied 8mo ago(No longer accepting applications),United States (Remote),Remote,United States,,,Closed,https://www.linkedin.com/jobs/view/4292437136/,67
4292650022,Tech Consulting,"Junior Data EngineerTech Consulting · Jackson, MS (On-site)Applied 8mo ago(No longer accepting applications)","Jackson, MS (On-site)",Onsite,Jackson,MS,,Closed,https://www.linkedin.com/jobs/view/4292650022/,68
4292434199,Tatum by Randstad,"Data AnalystTatum by Randstad · Charlotte, NC (Remote)Applied 8mo ago(No longer accepting applications)","Charlotte, NC (Remote)",Remote,Charlotte,NC,,Closed,https://www.linkedin.com/jobs/view/4292434199/,68
4291600843,Solomon Hess Capital Management,"Fund Operations AnalystSolomon Hess Capital Management · Arlington, VA (On-site)Applied 8mo ago(No longer accepting applications)","Arlington, VA (On-site)",Onsite,Arlington,VA,,Closed,https://www.linkedin.com/jobs/view/4291600843/,68
4293013345,Compugra Systems Inc,"Power BI with Microsoft Access ConsultantCompugra Systems Inc · Plano, TX (On-site)Applied 8mo ago(No longer accepting applications)","Plano, TX (On-site)",Onsite,Plano,TX,,Closed,https://www.linkedin.com/jobs/view/4293013345/,68
4292966851,"New York, United States • (Hybrid)","Research And Data Analyst, JuniorNew York, United States • (Hybrid)Applied 8mo ago(No longer accepting applications)",,,,,,Closed,https://www.linkedin.com/jobs/view/4292966851/,68
4293009854,"Blue Ash, OH • (On-site)","Data Engineer- Health & WellnessBlue Ash, OH • (On-site)Applied 8mo ago(No longer accepting applications)",,,,,,Closed,https://www.linkedin.com/jobs/view/4293009854/,68
4292570666,Incedo Inc.,"Associate Data EngineerIncedo Inc. · Florham Park, NJ (On-site)Applied 8mo ago(No longer accepting applications)","Florham Park, NJ (On-site)",Onsite,Florham Park,NJ,,Closed,https://www.linkedin.com/jobs/view/4292570666/,68
4292562850,Net2Source (N2S),"Automotive - Business Analyst (REMOTE)Net2Source (N2S) · Portland, OR (Remote)Applied 8mo ago(No longer accepting applications)","Portland, OR (Remote)",Remote,Portland,OR,,Closed,https://www.linkedin.com/jobs/view/4292562850/,68
4292429961,DetaPent,"Junior Data AnalystDetaPent · Atlanta, GA (Remote)Applied 8mo ago(No longer accepting applications)","Atlanta, GA (Remote)",Remote,Atlanta,GA,,Closed,https://www.linkedin.com/jobs/view/4292429961/,68
4292423608,Venusgeo Solutions,"Data AnalystVenusgeo Solutions · Fort Worth, TX (On-site)Applied 8mo ago(No longer accepting applications)","Fort Worth, TX (On-site)",Onsite,Fort Worth,TX,,Closed,https://www.linkedin.com/jobs/view/4292423608/,68
4292435294,Code Tech Inc,"Oracle Database AdministratorCode Tech Inc · Lansing, MI (Hybrid)Applied 8mo ago(No longer accepting applications)","Lansing, MI (Hybrid)",Hybrid,Lansing,MI,,Closed,https://www.linkedin.com/jobs/view/4292435294/,69
4292571708,DAS Federal LLC - Digital Applied Solutions,Tableau AdministratorDAS Federal LLC - Digital Applied Solutions · United States (Remote)Applied 8mo ago(No longer accepting applications),United States (Remote),Remote,United States,,,Closed,https://www.linkedin.com/jobs/view/4292571708/,69
4292584302,Deca Defense,Internship \ AI Deep Learning \ Autonomy / ITAR/U.S.Citizen /Deca Defense · United States (Remote)Applied 8mo ago(No longer accepting applications),United States (Remote),Remote,United States,,,Closed,https://www.linkedin.com/jobs/view/4292584302/,69
4290759678,AHU Technologies Pvt Ltd,Research & Data Analyst – Juvenile JusticeAHU Technologies Pvt Ltd · Washington DC-Baltimore Area (Hybrid)Applied 8mo ago(No longer accepting applications),Washington DC-Baltimore Area (Hybrid),Hybrid,Washington DC-Baltimore Area,,,Closed,https://www.linkedin.com/jobs/view/4290759678/,69
4288941704,Kastech Software Solutions Group,Data ScientistKastech Software Solutions Group · United States (Remote)Applied 8mo ago(No longer accepting applications),United States (Remote),Remote,United States,,,Closed,https://www.linkedin.com/jobs/view/4288941704/,69
4288045763,Flexon Technologies Inc.,"Junior Data ScientistFlexon Technologies Inc. · Sunnyvale, CA (On-site)Applied 8mo ago(No longer accepting applications)","Sunnyvale, CA (On-site)",Onsite,Sunnyvale,CA,,Closed,https://www.linkedin.com/jobs/view/4288045763/,69
4259913311,Clarity Partners,"AI Systems AnalystClarity Partners · Chicago, IL (Hybrid)Applied 9mo ago(No longer accepting applications)","Chicago, IL (Hybrid)",Hybrid,Chicago,IL,,Closed,https://www.linkedin.com/jobs/view/4259913311/,69
4263476867,BoldVoice,"Product Management (Data Analysis) Intern (Summer/Fall 2025)BoldVoice · New York, NY (On-site)Applied 9mo ago(No longer accepting applications)","New York, NY (On-site)",Onsite,New York,NY,,Closed,https://www.linkedin.com/jobs/view/4263476867/,69
4263386707,Vertex Elite LLC,"Data EngineerVertex Elite LLC · San Francisco, CA (Hybrid)Applied 10mo ago(No longer accepting applications)","San Francisco, CA (Hybrid)",Hybrid,San Francisco,CA,,Closed,https://www.linkedin.com/jobs/view/4263386707/,69
4255404488,Mastech Digital,"Database SpecialistMastech Digital · Chicago, IL (Hybrid)Applied 9mo ago(No longer accepting applications)","Chicago, IL (Hybrid)",Hybrid,Chicago,IL,,Closed,https://www.linkedin.com/jobs/view/4255404488/,69
4264478550,"Bolingbrook, IL • (Hybrid)","Power BI Admin/Developer (Microsoft Fabric Focused) - ONLY W2 CANDIDATESBolingbrook, IL • (Hybrid)Applied 9mo ago(No longer accepting applications)",,,,,,Closed,https://www.linkedin.com/jobs/view/4264478550/,70
4231480424,Incedo Inc.,"Associate Data AnalystIncedo Inc. · Florham Park, NJ (On-site)Applied 11mo ago(No longer accepting applications)","Florham Park, NJ (On-site)",Onsite,Florham Park,NJ,,Closed,https://www.linkedin.com/jobs/view/4231480424/,70
