title,company_location,applied_date_raw,extra_status,url,file,applied_date,month
Data Engineer,Addison Group · United States (Remote),Applied 3w ago,(No longer accepting applications),https://www.linkedin.com/jobs/view/4402760008/,1.html,,
Data Scientist / Engineer (Healthcare Solutions),"Shift Technology · Boston, MA (Hybrid)",Applied 1d ago,(Reposted 6d ago),https://www.linkedin.com/jobs/view/4389759683/,1.html,,
Junior Support Engineer,"Bracebridge Capital, LLC · Boston, MA",Applied 1d ago,(Reposted 2w ago),https://www.linkedin.com/jobs/view/4394477424/,1.html,,
Associate – AI & Automation (Early Career / New Graduate),"BETSOL · Broomfield, CO (On-site)",Applied 1w ago,(No longer accepting applications),https://www.linkedin.com/jobs/view/4397324427/,1.html,,
"Software Engineer, Data Engineering","Neuralink · Fremont, CA",Applied 3w ago,(Reposted 5d ago),https://www.linkedin.com/jobs/view/4389802889/,1.html,,
IT Support/Entry-Level Help Desk,"Robert Half · Boulder, CO (On-site)",Applied 1w ago,(No longer accepting applications),https://www.linkedin.com/jobs/view/4408792561/,1.html,,
Junior Data Analyst,Helic & Co. · United States (Remote),Applied 1w ago,(No longer accepting applications),https://www.linkedin.com/jobs/view/4410711254/,1.html,,
Technical Support Analyst,"AimHire · Denver, CO (On-site)",Applied 1w ago,(No longer accepting applications),https://www.linkedin.com/jobs/view/4398174305/,1.html,,
Financial Analyst,"SoTalent · Grand Rapids, MI (On-site)",Applied 6d ago,(No longer accepting applications),https://www.linkedin.com/jobs/view/4408101597/,1.html,,
Business Analyst,Empower · United States (Remote),Applied 1mo ago,(Reposted 6d ago),https://www.linkedin.com/jobs/view/4382065637/,1.html,,
Junior Developer,"F.E. Moran Group of Companies · Northbrook, IL (On-site)",Applied 6d ago,(Posted 1w ago),https://www.linkedin.com/jobs/view/4407942399/,2.html,,
Product Analyst,Sprocket Sports · Greater Chicago Area (Hybrid),Applied 6d ago,(Posted 1w ago),https://www.linkedin.com/jobs/view/4406559734/,2.html,,
Junior Data Enginer,Não conta · United States (Remote),Applied 1w ago,(No longer accepting applications) | Application viewed,https://www.linkedin.com/jobs/view/4410720386/,2.html,,
Business Intelligence Analyst,Aditude · United States (Remote),Applied 1w ago,(Posted 3w ago),https://www.linkedin.com/jobs/view/4402300344/,2.html,,
Junior Account Analyst,ProMedia · United States (Remote),Applied 1w ago,(Reposted 1w ago),https://www.linkedin.com/jobs/view/4408798838/,2.html,,
Customer Support Representative (Remote),"Puffy · Colorado, United States (Remote)",Applied 1w ago,(Posted 2w ago),https://www.linkedin.com/jobs/view/4404666615/,2.html,,
Artificial Intelligence Engineer,Ascendion · United States (Remote),Applied 1mo ago,(No longer accepting applications),https://www.linkedin.com/jobs/view/4380612442/,2.html,,
Private Equity Analyst / Associate - NYC office,"Athos Partners · New York, United States (On-site)",Applied 3mo ago,(Reposted 1w ago),https://www.linkedin.com/jobs/view/4333018696/,2.html,,
Data Analyst I-Emergency Medicine,"Mount Sinai Health System · New York, NY (On-site)",Applied 1mo ago,(No longer accepting applications),https://www.linkedin.com/jobs/view/4392186265/,2.html,,
Product Analyst (US Remote),First Advantage · United States (Remote),Applied 3w ago,(No longer accepting applications),https://www.linkedin.com/jobs/view/4399827837/,2.html,,
Lockbox Application Analyst,"US Tech Solutions · Brooklyn, OH (On-site)",Applied 1w ago,(No longer accepting applications),https://www.linkedin.com/jobs/view/4405565582/,3.html,,
Software Development Analyst,HDI Global SE · United States (Remote),Applied 1mo ago,(No longer accepting applications),https://www.linkedin.com/jobs/view/4393007983/,3.html,,
Data Analyst (Retail ),"TekWissen ® · Seattle, WA (On-site)",Applied 1w ago,(No longer accepting applications),https://www.linkedin.com/jobs/view/4407399374/,3.html,,
Jr. Marketing Analytics Consultant,"WebFX · Harrisburg, PA (On-site)",Applied 3mo ago,(Reposted 1w ago),https://www.linkedin.com/jobs/view/4204260949/,3.html,,
Full Stack Engineer,"Acceler8 Talent · Denver, CO (Hybrid)",Applied 2w ago,(No longer accepting applications),https://www.linkedin.com/jobs/view/4398835741/,3.html,,
Business Systems Analyst (AI & Automation),"xo, Fetti · United States (Remote)",Applied 4w ago,(No longer accepting applications),https://www.linkedin.com/jobs/view/4397828883/,3.html,,
Entry Level Customer Success Analyst (AI/ML),Zensar Technologies · United States (Remote),Applied 1mo ago,(No longer accepting applications),https://www.linkedin.com/jobs/view/4396182058/,3.html,,
Remote IT Help Desk Associate,"Talentoma · Michigan, United States (Remote)",Applied 1w ago,(No longer accepting applications),https://www.linkedin.com/jobs/view/4404218641/,3.html,,
"Associate, IT Specialist","Cresset · Denver, CO (On-site)",Applied 1w ago,(Posted 3w ago),https://www.linkedin.com/jobs/view/4403616113/,3.html,,
Technical Consultant,"Zensar Technologies · Jersey City, NJ (On-site)",Applied 1w ago,(Posted 4w ago),https://www.linkedin.com/jobs/view/4399551138/,3.html,,
Data Analytics Engineer,"Request Technology, LLC · Chicago, IL (Hybrid)",Applied 1mo ago,(No longer accepting applications),https://www.linkedin.com/jobs/view/4387732984/,4.html,,
Natural Gas Analyst,"Karbone · New York, NY (On-site)",Applied 1mo ago,(No longer accepting applications),https://www.linkedin.com/jobs/view/4392424836/,4.html,,
Human Capital Data Engineering & Reporting Analyst,"Perennial Resources International · New York, NY (Hybrid)",Applied 1mo ago,(No longer accepting applications),https://www.linkedin.com/jobs/view/4393558290/,4.html,,
Helpdesk Support Analyst,"Amazing Care Home Health Services · Aurora, CO (Hybrid)",Applied 1w ago,(Posted 1mo ago),https://www.linkedin.com/jobs/view/4393220666/,4.html,,
Data Quality Analyst (Translational Research),Digital Infuzion · United States (Remote),Applied 3w ago,(Reposted 1w ago),https://www.linkedin.com/jobs/view/4375765995/,4.html,,
Junior Databricks Consultant,"GyanSys Inc. · Santa Clara, CA (On-site)",Applied 2w ago,(No longer accepting applications),https://www.linkedin.com/jobs/view/4406605901/,4.html,,
Entry Level Data Analyst,"Dexian · Atlanta, GA (On-site)",Applied 1w ago,(No longer accepting applications),https://www.linkedin.com/jobs/view/4405543858/,4.html,,
Junior Data Analyst,Helic & Co. · United States (Remote),Applied 1w ago,(No longer accepting applications),https://www.linkedin.com/jobs/view/4407870343/,4.html,,
Netsuite Consultant,"Irene Neuwirth · California, United States (Remote)",Applied 1w ago,(No longer accepting applications) | Resume downloaded,https://www.linkedin.com/jobs/view/4406566346/,4.html,,
Junior Data Management and Quantitative Analyst,"Eliassen · Pittsburgh, PA",Applied 1w ago,(Reposted 2w ago),https://www.linkedin.com/jobs/view/4398241743/,4.html,,
Junior Data Analyst,Calculated Hire · Atlanta Metropolitan Area (Remote),Applied 1w ago,(Posted 1w ago),https://www.linkedin.com/jobs/view/4406577070/,5.html,,
Entry Level Software Sales,Thryv · Denver Metropolitan Area (Remote),Applied 2w ago,(Reposted 2w ago),https://www.linkedin.com/jobs/view/4392426913/,5.html,,
Business Systems Engineer,Beazley Security · United States (Remote),Applied 1mo ago,(No longer accepting applications),https://www.linkedin.com/jobs/view/4372033305/,5.html,,
Data Analyst,Strategic Employment Partners (SEP) · United States (Remote),Applied 2w ago,(No longer accepting applications),https://www.linkedin.com/jobs/view/4399637669/,5.html,,
Business Analyst,Koia · United States (Remote),Applied just now,(No longer accepting applications),https://www.linkedin.com/jobs/view/4319581826/,5.html,,
Product Analyst,Sprocket Sports · Greater Chicago Area (Hybrid),Applied 1mo ago,(No longer accepting applications),https://www.linkedin.com/jobs/view/4376793289/,5.html,,
Product Manager,"DigiCert, Inc. · Sunnyvale, CA (On-site)",Applied 3mo ago,(Reposted 2w ago),https://www.linkedin.com/jobs/view/4328136685/,5.html,,
IT Systems Administrator,Surefire Cyber Inc. · United States (Remote),Applied 2w ago,(No longer accepting applications),https://www.linkedin.com/jobs/view/4403231896/,5.html,,
"Analyst, Business Analytics",Privia Health · United States,Applied 3w ago,(No longer accepting applications),https://www.linkedin.com/jobs/view/4401562433/,5.html,,
Investment Analyst - Private Team,"Gresham Partners · Chicago, IL (Hybrid)",Applied 2mo ago,(No longer accepting applications),https://www.linkedin.com/jobs/view/4367298115/,5.html,,
IT Services Technician,"xAI · Palo Alto, CA (On-site)",Applied 2w ago,(Reposted 2w ago),https://www.linkedin.com/jobs/view/4383761070/,6.html,,
Business Intelligence Developer,Envision · United States (Remote),Applied 1mo ago,(No longer accepting applications),https://www.linkedin.com/jobs/view/4382192030/,6.html,,
Onboarding Specialist,Heymarket · San Francisco Bay Area (On-site),Applied 3w ago,(No longer accepting applications),https://www.linkedin.com/jobs/view/4376050387/,6.html,,
Associate Product Manager - AXS,"AEG · Los Angeles, CA (On-site)",Applied 3mo ago,(Reposted 2w ago),https://www.linkedin.com/jobs/view/4227655305/,6.html,,
Data Engineer ($130k - $170k),Tenth Revolution Group · United States (Remote),Applied 3w ago,(No longer accepting applications),https://www.linkedin.com/jobs/view/4399782781/,6.html,,
Analyst - Technical Support & Consulting Track,Bridge Partners · United States (Remote),Applied 3w ago,(No longer accepting applications),https://www.linkedin.com/jobs/view/4390284725/,6.html,,
Business System Developer,MITY Inc. · United States (Remote),Applied 1mo ago,(No longer accepting applications),https://www.linkedin.com/jobs/view/4389814054/,6.html,,
Data Analyst,"Emonics LLC · San Francisco, CA (On-site)",Applied 3w ago,(No longer accepting applications),https://www.linkedin.com/jobs/view/4400784904/,6.html,,
Engineer - Data Analyst,edkey · United States (Remote),Applied 3w ago,(No longer accepting applications),https://www.linkedin.com/jobs/view/4402302549/,6.html,,
BI Developer II,"Associate Staffing · Charlotte, NC",Applied 8mo ago,(No longer accepting applications),https://www.linkedin.com/jobs/view/4292579633/,6.html,,
Data Engineer,"BeaconFire Inc. · San Jose, CA (On-site)",Applied 3w ago,(No longer accepting applications),https://www.linkedin.com/jobs/view/4380486287/,7.html,,
Data Engineer,"BeaconFire Inc. · San Jose, CA (On-site)",Applied 3w ago,(No longer accepting applications),https://www.linkedin.com/jobs/view/4391065968/,7.html,,
Data Engineer- Entry Level,"BeaconFire Inc. · California, United States (Hybrid)",Applied 3w ago,(No longer accepting applications),https://www.linkedin.com/jobs/view/4387067749/,7.html,,
Data Engineer,"BeaconFire Inc. · New York, United States (Hybrid)",Applied 3w ago,(No longer accepting applications),https://www.linkedin.com/jobs/view/4384090702/,7.html,,
Inventory Analyst,"RH US, LLC · Corte Madera, CA",Applied 3w ago,(No longer accepting applications),https://www.linkedin.com/jobs/view/4393298499/,7.html,,
Data Quality Analyst,Fractal · United States (Remote),Applied 3w ago,(No longer accepting applications),https://www.linkedin.com/jobs/view/4388970087/,7.html,,
Human Data Analyst | $55/hr Remote,Crossing Hurdles · United States (Remote),Applied 1mo ago,(No longer accepting applications),https://www.linkedin.com/jobs/view/4390935712/,7.html,,
Jr. UX Designer,"WebFX · Ann Arbor, MI (On-site)",Applied 3mo ago,(Reposted 2w ago),https://www.linkedin.com/jobs/view/4354337855/,7.html,,
Data Operations Analyst,GrassBridge Recruiting · United States (Remote),Applied 1mo ago,(No longer accepting applications),https://www.linkedin.com/jobs/view/4392476378/,7.html,,
Product Manager,"ExaCare · New York, NY (Hybrid)",Applied 3mo ago,(No longer accepting applications),https://www.linkedin.com/jobs/view/4355197890/,7.html,,
Supply Chain Analyst,"FreshDirect · Bronx, NY",Applied 1mo ago,(Reposted 44m ago),https://www.linkedin.com/jobs/view/4392994581/,8.html,,
Software Analyst,"Akkodis · Grand Rapids, MI (On-site)",Applied 1mo ago,(No longer accepting applications) | Application viewed,https://www.linkedin.com/jobs/view/4397576350/,8.html,,
Fresher Data Analyst,Joveo Ai · United States (Remote),Applied 3w ago,(No longer accepting applications),https://www.linkedin.com/jobs/view/4404053327/,8.html,,
Design Strategist (Junior),"Höweler+Yoon Architecture, LLP · Boston, MA (On-site)",Applied 3mo ago,(No longer accepting applications),https://www.linkedin.com/jobs/view/4319029285/,8.html,,
entry-level Data Analyst - Portico and SQL Server or Oracle 100% Remote Contract to hire,Zeektek · United States (Remote),Applied 3w ago,(No longer accepting applications),https://www.linkedin.com/jobs/view/4402324162/,8.html,,
Junior Data Analyst,Helic & Co. · United States (Remote),Applied 3w ago,(No longer accepting applications),https://www.linkedin.com/jobs/view/4402981631/,8.html,,
Database Analyst,"The Intersect Group · South Carolina, United States (Remote)",Applied 3w ago,(No longer accepting applications),https://www.linkedin.com/jobs/view/4397613603/,8.html,,
Quantitative Developer,Odiin. · United States (Remote),Applied 3mo ago,(No longer accepting applications),https://www.linkedin.com/jobs/view/4360964095/,8.html,,
Data Analyst,"University of Central Florida · Pennsylvania, United States (Remote)",Applied 3w ago,(No longer accepting applications),https://www.linkedin.com/jobs/view/4402772193/,8.html,,
Organizational Culture Analyst l Entry Level - USD $28–$45 Per Hour,"Basic Information Technology Services, Inc. · United States (Remote)",Applied 3w ago,(No longer accepting applications) | Application viewed,https://www.linkedin.com/jobs/view/4401269669/,8.html,,
AI Benchmarking Operations Engineer,Ikuto · United States (Remote),Applied 4w ago,(No longer accepting applications),https://www.linkedin.com/jobs/view/4388156104/,9.html,,
Data Analyst,James Search Group · United States (Remote),Applied 3w ago,(No longer accepting applications),https://www.linkedin.com/jobs/view/4400927061/,9.html,,
Data Analyst,DetaPent · United States (Remote),Applied 3w ago,(No longer accepting applications),https://www.linkedin.com/jobs/view/4399788897/,9.html,,
Data Analyst,"Interchecks · Brooklyn, NY (Remote)",Applied 3w ago,(Posted 3w ago),https://www.linkedin.com/jobs/view/4402613348/,9.html,,
Data Engineer (Entry- to Mid-level),"Pegasystems · Waltham, MA (Hybrid)",Applied 3w ago,(No longer accepting applications),https://www.linkedin.com/jobs/view/4401092100/,9.html,,
ETL Developer - Remote,"Harbor Freight Tools · Calabasas, CA",Applied 3w ago,(Posted 3w ago),https://www.linkedin.com/jobs/view/4403148437/,9.html,,
Software Support Analyst,"Midtown Athletic Clubs · Chicago, IL (Hybrid)",Applied 3w ago,(No longer accepting applications),https://www.linkedin.com/jobs/view/4391877624/,9.html,,
Investment Data Associate,"Coda Search│Staffing · New York, NY (On-site)",Applied 3mo ago,(Reposted 1d ago),https://www.linkedin.com/jobs/view/4369641590/,9.html,,
Internal Business Controls Analyst,"ECLARO · White Plains, NY (On-site)",Applied 1mo ago,(No longer accepting applications),https://www.linkedin.com/jobs/view/4381757469/,9.html,,
Telecom Data Analyst,Axiom Global Technologies · United States (Remote),Applied 3w ago,(No longer accepting applications),https://www.linkedin.com/jobs/view/4401116893/,9.html,,
Junior Data Analyst,Helic & Co. · United States (Remote),Applied 3w ago,(No longer accepting applications),https://www.linkedin.com/jobs/view/4402043429/,10.html,,
Risk Management Analyst,OCCASION · United States (Remote),Applied 3w ago,(No longer accepting applications) | Application viewed,https://www.linkedin.com/jobs/view/4399989754/,10.html,,
Data Engineer,American Logistics · United States (Remote),Applied 3w ago,(No longer accepting applications),https://www.linkedin.com/jobs/view/4399692832/,10.html,,
Data Analyst – SQL/ETL/Snowflake,Zeektek · United States (Remote),Applied 3w ago,(No longer accepting applications),https://www.linkedin.com/jobs/view/4399697343/,10.html,,
Junior Data Analyst,Helic & Co. · United States (Remote),Applied 3w ago,(No longer accepting applications),https://www.linkedin.com/jobs/view/4401339979/,10.html,,
Data Engineer (Healthcare ETL / HL7 / Data Migration),Clearsense · United States (Remote),Applied 3w ago,(Posted 4w ago),https://www.linkedin.com/jobs/view/4401749473/,10.html,,
Product Data Analyst (US Remote),First Advantage · United States (Remote),Applied 3w ago,(Reposted 3w ago),https://www.linkedin.com/jobs/view/4399833555/,10.html,,
Data Engineer,Traackr · United States (Remote),Applied 3w ago,(Posted 1mo ago),https://www.linkedin.com/jobs/view/4386949570/,10.html,,
People Operations Analyst,"AMISEQ · Oakland, CA (Remote)",Applied 1mo ago,(No longer accepting applications),https://www.linkedin.com/jobs/view/4393226332/,10.html,,
Quantitative Developer,"Alpha Search Advisors · New York, NY (On-site)",Applied 7mo ago,(No longer accepting applications),https://www.linkedin.com/jobs/view/4301504793/,10.html,,
Entry-Level AI/ML Engineer,"DetaPent · Virginia, United States (Remote)",Applied 1mo ago,(No longer accepting applications),https://www.linkedin.com/jobs/view/4393009719/,11.html,,
Customer Experience Analyst,"UNIQLO · Kearny, NJ (On-site)",Applied 3mo ago,(No longer accepting applications),https://www.linkedin.com/jobs/view/4304184030/,11.html,,
Product Analyst,"Plymouth Rock Assurance · Woodbridge, NJ (On-site)",Applied 3mo ago,(No longer accepting applications),https://www.linkedin.com/jobs/view/4343657761/,11.html,,
Technical Business Analyst - Salesforce (nonprofit),KamisPro · United States (Remote),Applied 1mo ago,(No longer accepting applications),https://www.linkedin.com/jobs/view/4395163526/,11.html,,
Analytics Engineer,Nitrogen · United States (Remote),Applied 1mo ago,(No longer accepting applications),https://www.linkedin.com/jobs/view/4383257666/,11.html,,
Robot Operations Engineer,Simbe · United States (Remote),Applied 1mo ago,(Posted 1mo ago),https://www.linkedin.com/jobs/view/4386983581/,11.html,,
Quantitative Analyst,JCW Group · United States (Remote),Applied 1mo ago,(Reposted 1mo ago),https://www.linkedin.com/jobs/view/4372644472/,11.html,,
Data Engineer,v4c.ai · United States (Remote),Applied 1mo ago,(No longer accepting applications),https://www.linkedin.com/jobs/view/4373820014/,11.html,,
Data Visualization Analyst,Convey Health Solutions · United States (Remote),Applied 1mo ago,(No longer accepting applications),https://www.linkedin.com/jobs/view/4392484170/,11.html,,
AI Engineer,JeroTec Digital Recruitment  · United States (Remote),Applied 1mo ago,(No longer accepting applications),https://www.linkedin.com/jobs/view/4383309799/,11.html,,
Business Analyst,Tailored Management · United States (Remote),Applied 1mo ago,(No longer accepting applications),https://www.linkedin.com/jobs/view/4393577877/,12.html,,
Junior Data Analyst,"SiloSmashers, Inc. · Washington, DC (On-site)",Applied 4mo ago,(No longer accepting applications),https://www.linkedin.com/jobs/view/4328854165/,12.html,,
Business Analyst,Optomi · San Francisco Bay Area (Remote),Applied 1mo ago,(No longer accepting applications),https://www.linkedin.com/jobs/view/4391899849/,12.html,,
Entry-Level Sales Representative | Base Salary + Uncapped Commission (Fully Remote),Unishippers - Hudson Group · United States (Remote),Applied 1mo ago,(No longer accepting applications),https://www.linkedin.com/jobs/view/4391899374/,12.html,,
"Assistant, Product Management",Macy's · New York City Metropolitan Area (On-site),Applied 3mo ago,(No longer accepting applications),https://www.linkedin.com/jobs/view/4354690515/,12.html,,
Assistant Product Manager,Macy's · New York City Metropolitan Area (On-site),Applied 3mo ago,(No longer accepting applications),https://www.linkedin.com/jobs/view/4354557423/,12.html,,
Data Analyst – Markets & Strategy,"Sungrow Power Supply Co., Ltd. · United States (Remote)",Applied 1mo ago,(No longer accepting applications),https://www.linkedin.com/jobs/view/4380493667/,12.html,,
Data Analyst,James Search Group · United States (Remote),Applied 1mo ago,(No longer accepting applications),https://www.linkedin.com/jobs/view/4392088909/,12.html,,
AI Analyst,"Jenner & Block · Chicago, IL (Hybrid)",Applied 2mo ago,(No longer accepting applications),https://www.linkedin.com/jobs/view/4369977489/,12.html,,
Performance Modeling Engineer,Quest Global · United States (Remote),Applied 1mo ago,(No longer accepting applications),https://www.linkedin.com/jobs/view/4393935918/,12.html,,
Data Analyst,"American Technology Consulting - ATC · New York, United States (On-site)",Applied 1mo ago,(No longer accepting applications),https://www.linkedin.com/jobs/view/4392422611/,13.html,,
Data Analyst (BI/Power-BI/Python),"Infoshare Systems, Inc. · United States (Remote)",Applied 1mo ago,(No longer accepting applications),https://www.linkedin.com/jobs/view/4393003577/,13.html,,
A/B Testing / Conversion Rate Specialist,"Creative Circle · New York, NY (Remote)",Applied 1mo ago,(No longer accepting applications),https://www.linkedin.com/jobs/view/4395577301/,13.html,,
AI Operations Analyst,"Fairly · Portland, OR (Remote)",Applied 1mo ago,(No longer accepting applications),https://www.linkedin.com/jobs/view/4383263181/,13.html,,
Data Engineer,The Phoenix Group · United States (Remote),Applied 1mo ago,(No longer accepting applications),https://www.linkedin.com/jobs/view/4377769176/,13.html,,
Power BI Developer,"Abacus Service Corporation · Oakland, CA (Hybrid)",Applied 1mo ago,(No longer accepting applications),https://www.linkedin.com/jobs/view/4392434034/,13.html,,
Business Analyst,"Jobility · Ohio, United States (Remote)",Applied 1mo ago,(No longer accepting applications),https://www.linkedin.com/jobs/view/4392103561/,13.html,,
Human Resources Analyst,"Addition Management · New York, NY (Hybrid)",Applied 1mo ago,(No longer accepting applications),https://www.linkedin.com/jobs/view/4393254919/,13.html,,
Python Developer,Aceolution · United States (Remote),Applied 2mo ago,(No longer accepting applications),https://www.linkedin.com/jobs/view/4366807129/,14.html,,
Site Analytics Analyst,Macy's · New York City Metropolitan Area (On-site),Applied 3mo ago,(No longer accepting applications),https://www.linkedin.com/jobs/view/4346556251/,14.html,,
Business Analyst Specialist,Macy's · New York City Metropolitan Area (On-site),Applied 3mo ago,(No longer accepting applications),https://www.linkedin.com/jobs/view/4346457133/,14.html,,
Data Reporting Analyst,Atlantic Group · New York City Metropolitan Area (Hybrid),Applied 3mo ago,(No longer accepting applications),https://www.linkedin.com/jobs/view/4346319987/,14.html,,
Data Engineer,"Liza Health · Cambridge, MA (On-site)",Applied 2mo ago,(No longer accepting applications),https://www.linkedin.com/jobs/view/4333278831/,14.html,,
Entry Level Brokerage / Trading Operations Analysts,"Lenmar Consulting Inc · Baltimore, MD (Hybrid)",Applied 4mo ago,(No longer accepting applications),https://www.linkedin.com/jobs/view/4329047429/,14.html,,
Founding Developer Relations,"VLM Run · California, United States (Remote)",Applied 2mo ago,(No longer accepting applications),https://www.linkedin.com/jobs/view/4369182139/,14.html,,
Analyst,"Fanduel Inc. · New York, NY (Hybrid)",Applied 3mo ago,(No longer accepting applications),https://www.linkedin.com/jobs/view/4352420193/,14.html,,
Financial Analyst (Junior-Mid Level),"Tech Systems Inc. (TSi) · Atlanta, GA (On-site)",Applied 2mo ago,(No longer accepting applications),https://www.linkedin.com/jobs/view/4370571164/,14.html,,
Analyst,Truveris · United States (Remote),Applied 6mo ago,(No longer accepting applications),https://www.linkedin.com/jobs/view/4331199039/,14.html,,
Marketing Technology & Operations Analyst,"Fanduel Inc. · New York, NY (Hybrid)",Applied 3mo ago,(No longer accepting applications),https://www.linkedin.com/jobs/view/4353135462/,15.html,,
Business Analyst,"C2R Ventures · Islip, NY (Hybrid)",Applied 3mo ago,(No longer accepting applications),https://www.linkedin.com/jobs/view/4364882731/,15.html,,
Investment Operations Analyst,"Gresham Partners · Chicago, IL (Hybrid)",Applied 3mo ago,(No longer accepting applications) | Application viewed,https://www.linkedin.com/jobs/view/4345304669/,15.html,,
Business Intelligence Analyst,Savills North America · New York City Metropolitan Area (On-site),Applied 2mo ago,(No longer accepting applications),https://www.linkedin.com/jobs/view/4372172071/,15.html,,
Accounting Analyst,"IRAS Group · Miami, FL (On-site)",Applied 2mo ago,(No longer accepting applications),https://www.linkedin.com/jobs/view/4369256556/,15.html,,
Python Financial Engineer,"Matlen Silver · New York, NY (Hybrid)",Applied 2mo ago,(No longer accepting applications),https://www.linkedin.com/jobs/view/4371438267/,15.html,,
Investment Analyst,"MAXIMAI Investment Partners · Coral Gables, FL (On-site)",Applied 2mo ago,(No longer accepting applications),https://www.linkedin.com/jobs/view/4362422887/,15.html,,
Business Development Specialist,"Bear Claw · Evanston, IL (On-site)",Applied 3mo ago,(No longer accepting applications),https://www.linkedin.com/jobs/view/4281383833/,15.html,,
Business Development Associate,"Jet OUT · Chicago, IL (Hybrid)",Applied 7mo ago,(No longer accepting applications),https://www.linkedin.com/jobs/view/4299894567/,15.html,,
Data Engineer,Integra Connect · United States (Remote),Applied 3mo ago,(No longer accepting applications),https://www.linkedin.com/jobs/view/4369619971/,15.html,,
Associate AI Business Analyst,"The Planet Group · Manhattan, NY (On-site)",Applied 2mo ago,(No longer accepting applications),https://www.linkedin.com/jobs/view/4370206015/,16.html,,
Analytics Developer,"Northwestern Medicine · Chicago, IL (Hybrid)",Applied 3mo ago,(No longer accepting applications),https://www.linkedin.com/jobs/view/4359576206/,16.html,,
Junior Research Analyst,"Proficio Capital Partners, LLC · Boston, MA (On-site)",Applied 3mo ago,(No longer accepting applications),https://www.linkedin.com/jobs/view/4313239310/,16.html,,
Founding Product Manager,"Xenia · Chicago, IL (On-site)",Applied 3mo ago,(No longer accepting applications),https://www.linkedin.com/jobs/view/4341575182/,16.html,,
Junior ESI Analyst,TransPerfect · Washington DC-Baltimore Area (Hybrid),Applied 3mo ago,(No longer accepting applications),https://www.linkedin.com/jobs/view/4369153519/,16.html,,
Quantitative Developer,Evolve Group · New York City Metropolitan Area (On-site),Applied 3mo ago,(No longer accepting applications),https://www.linkedin.com/jobs/view/4361020811/,16.html,,
Product Marketing Manager,"Stockx · Detroit, MI (On-site)",Applied 3mo ago,(No longer accepting applications),https://www.linkedin.com/jobs/view/4354460730/,16.html,,
"Associate, Talent Intelligence",Nucleus Talent · San Francisco Bay Area (Hybrid),Applied 3mo ago,(No longer accepting applications),https://www.linkedin.com/jobs/view/4354057740/,16.html,,
Data & Analytics,Trace3 · United States (Remote),Applied 4mo ago,(No longer accepting applications),https://www.linkedin.com/jobs/view/4326590832/,16.html,,
Data Engineer,Carrot Fertility · United States (Remote),Applied 3mo ago,(No longer accepting applications),https://www.linkedin.com/jobs/view/4317203984/,17.html,,
Business Analyst,"Harvard Partners, LLP · Arlington, VA (Hybrid)",Applied 2mo ago,(No longer accepting applications),https://www.linkedin.com/jobs/view/4371883594/,17.html,,
Marketing Performance Analyst – Digital Commerce,"Montway Auto Transport · Schaumburg, IL (Hybrid)",Applied 3mo ago,(No longer accepting applications),https://www.linkedin.com/jobs/view/4348417603/,17.html,,
"Product Manager, Retail & E-commerce","Accellor · Chicago, IL (Remote)",Applied 3mo ago,(No longer accepting applications),https://www.linkedin.com/jobs/view/4331167993/,17.html,,
Client Solutions Associate,"Next Venture · San Francisco, CA (Hybrid)",Applied 2mo ago,(No longer accepting applications),https://www.linkedin.com/jobs/view/4370325695/,17.html,,
Data Analyst I,"IDR, Inc. · Brentwood, TN (Hybrid)",Applied 3mo ago,(No longer accepting applications),https://www.linkedin.com/jobs/view/4369186330/,17.html,,
Data Analyst,"Bradesco Bank · Coral Gables, FL (On-site)",Applied 2mo ago,(No longer accepting applications),https://www.linkedin.com/jobs/view/4366781507/,17.html,,
Data Specialist,"Nerd Apply · New York, NY (On-site)",Applied 3mo ago,(No longer accepting applications),https://www.linkedin.com/jobs/view/4362442323/,17.html,,
Finance & Operations Analyst (New York or Montreal),"Tetrix · New York, NY (On-site)",Applied 3mo ago,(No longer accepting applications),https://www.linkedin.com/jobs/view/4361574086/,17.html,,
"Software Engineer, AI Agent",Roe · San Francisco Bay Area (Hybrid),Applied 2mo ago,(No longer accepting applications),https://www.linkedin.com/jobs/view/4329857888/,17.html,,
Associate Product Manager,"John B. Sanfilippo & Son, Inc. · Elgin, IL (On-site)",Applied 3mo ago,(No longer accepting applications) | Application viewed,https://www.linkedin.com/jobs/view/4354688453/,18.html,,
Digital Analytics Implementation Specialist,"Fanduel Inc. · New York, NY (Hybrid)",Applied 3mo ago,(No longer accepting applications),https://www.linkedin.com/jobs/view/4348501601/,18.html,,
Data Analyst - Casino,"Kforce Inc · Miami, FL (Hybrid)",Applied 2mo ago,(No longer accepting applications),https://www.linkedin.com/jobs/view/4372106041/,18.html,,
Product Manager,"Haptiq · New York, NY (Hybrid)",Applied 3mo ago,(No longer accepting applications),https://www.linkedin.com/jobs/view/4363780559/,18.html,,
Marketplace Data Analyst,"Adore Me · New York, United States (Hybrid)",Applied 3mo ago,(No longer accepting applications),https://www.linkedin.com/jobs/view/4369669478/,18.html,,
Operations Associate,"The Mather Group, LLC · Chicago, IL (Hybrid)",Applied 3mo ago,(No longer accepting applications),https://www.linkedin.com/jobs/view/4355719925/,18.html,,
Financial Analyst,"LHH · Hudson County, NJ (Hybrid)",Applied 3mo ago,(No longer accepting applications),https://www.linkedin.com/jobs/view/4366254097/,18.html,,
Salesforce Business Analyst,"RED Global · Bridgewater, NJ (On-site)",Applied 3mo ago,(No longer accepting applications),https://www.linkedin.com/jobs/view/4355799755/,18.html,,
Risk Analyst,Murray Resources - Best Staffing Agency · San Francisco Bay Area (Hybrid),Applied 3mo ago,(No longer accepting applications),https://www.linkedin.com/jobs/view/4365879104/,18.html,,
Search Analyst,"McCANN New York · Boston, MA (Hybrid)",Applied 3mo ago,(No longer accepting applications),https://www.linkedin.com/jobs/view/4355689040/,18.html,,
ENTRY LEVEL Financial Analyst,"Jobot · Irvine, CA (On-site)",Applied 3mo ago,(No longer accepting applications),https://www.linkedin.com/jobs/view/4361033798/,19.html,,
Machine Learning AI Engineer,"Jobot · Santa Monica, CA (On-site)",Applied 3mo ago,(No longer accepting applications),https://www.linkedin.com/jobs/view/4357487929/,19.html,,
Frontend/AI Engineer,"Jobot · New York, NY (On-site)",Applied 3mo ago,(No longer accepting applications),https://www.linkedin.com/jobs/view/4357428008/,19.html,,
IT Business Analyst,"The Intersect Group · Irving, TX (Hybrid)",Applied 3mo ago,(No longer accepting applications),https://www.linkedin.com/jobs/view/4321447149/,19.html,,
Trading Operations Analyst (Systematic) - Prop Trading Firm - Up to $250k TC + Amazing benefits!,"Mondrian Alpha · New York, United States (On-site)",Applied 3mo ago,(No longer accepting applications),https://www.linkedin.com/jobs/view/4359823269/,19.html,,
AI Engineer & Researcher - GPU Kernel,"xAI · Palo Alto, CA (Hybrid)",Applied 8mo ago,(No longer accepting applications),https://www.linkedin.com/jobs/view/4103786582/,19.html,,
Salesforce Business Analyst,"Roku · Santa Monica, CA (Hybrid)",Applied 3mo ago,(No longer accepting applications),https://www.linkedin.com/jobs/view/4300092615/,19.html,,
Product Specialist,"Bectran, Inc. · Greater Chicago Area (On-site)",Applied 3mo ago,(No longer accepting applications) | Application viewed,https://www.linkedin.com/jobs/view/4359468206/,19.html,,
Intelligence Analyst,CGS Federal (Contact Government Services) · United States (Remote),Applied 8mo ago,(No longer accepting applications),https://www.linkedin.com/jobs/view/4292563890/,19.html,,
Consulting Analyst - Institutional,"Fiducient Advisors · Chicago, IL (Hybrid)",Applied 7mo ago,(No longer accepting applications),https://www.linkedin.com/jobs/view/4295410169/,19.html,,
Product Analyst,"Fanduel Inc. · New York, NY (Hybrid)",Applied 3mo ago,(No longer accepting applications),https://www.linkedin.com/jobs/view/4340944876/,20.html,,
Product Development Associate,Nautica · New York City Metropolitan Area (Hybrid),Applied 3mo ago,(No longer accepting applications),https://www.linkedin.com/jobs/view/4325732125/,20.html,,
Financial Services Professional,"Bankers Life · Grand Rapids, MI (Hybrid)",Applied 7mo ago,(No longer accepting applications),https://www.linkedin.com/jobs/view/4279708457/,20.html,,
Retirement Plan Operations Specialist,"Guidant Financial · New Orleans, LA (Remote)",Applied 3mo ago,(No longer accepting applications),https://www.linkedin.com/jobs/view/4369929809/,20.html,,
Data Management Specialist/Analyst,"FRANdata · Arlington, VA (Hybrid)",Applied 2mo ago,(No longer accepting applications),https://www.linkedin.com/jobs/view/4370120004/,20.html,,
Product Designer,"Mentor Talent Acquisition · New York, NY (On-site)",Applied 3mo ago,(No longer accepting applications),https://www.linkedin.com/jobs/view/4352653724/,20.html,,
Financial Analyst- 3526614,"AMS Staffing Inc. · New York, NY (Hybrid)",Applied 3mo ago,(No longer accepting applications),https://www.linkedin.com/jobs/view/4366762761/,20.html,,
Junior Integrated Marketing Specialist,"moomoo  · Jersey City, NJ (On-site)",Applied 3mo ago,(No longer accepting applications),https://www.linkedin.com/jobs/view/4306542894/,20.html,,
Compensation Analyst,"Turn2Partners · Ellicott City, MD (On-site)",Applied 3mo ago,(No longer accepting applications),https://www.linkedin.com/jobs/view/4359845309/,20.html,,
Private Equity Operations Analyst,"Atlas Search · Alexandria, VA (On-site)",Applied 3mo ago,(No longer accepting applications),https://www.linkedin.com/jobs/view/4352454148/,20.html,,
"Junior Software Engineer (Python or Java) - Up to $110,000","Hunter Bond · Boston, MA (On-site)",Applied 3mo ago,(No longer accepting applications),https://www.linkedin.com/jobs/view/4361001675/,21.html,,
Python Developer,"BeaconFire Inc. · New Jersey, United States (On-site)",Applied 3mo ago,(No longer accepting applications),https://www.linkedin.com/jobs/view/4361061051/,21.html,,
Data Engineer,"Nexnovels LLC · Dallas, TX (On-site)",Applied 3mo ago,(No longer accepting applications),https://www.linkedin.com/jobs/view/4359834976/,21.html,,
Entry-Level Python Engineer [32868],"Stealth Startup · Boston, MA (Remote)",Applied 2mo ago,(No longer accepting applications),https://www.linkedin.com/jobs/view/4362225642/,21.html,,
Product Data Analyst,Few&Far · New York City Metropolitan Area (Hybrid),Applied 2mo ago,(No longer accepting applications),https://www.linkedin.com/jobs/view/4372116387/,21.html,,
Product Analyst,"Fanduel Inc. · Atlanta, GA (Hybrid)",Applied 6mo ago,(No longer accepting applications),https://www.linkedin.com/jobs/view/4337473434/,21.html,,
Remote ServiceNow Finance & Supply Chain Developer,"OmniVista Consulting— CMMI L3, 8(a), EDWOSB, ISO 9001, 20000, 27001 · Washington DC-Baltimore Area (Remote)",Applied 2mo ago,(No longer accepting applications),https://www.linkedin.com/jobs/view/4364967582/,21.html,,
Data Analyst,Droisys · United States (Remote),Applied 2mo ago,(No longer accepting applications),https://www.linkedin.com/jobs/view/4371560291/,21.html,,
Junior Software Engineer,"The Value Maximizer · New Jersey, United States (On-site)",Applied 2mo ago,(No longer accepting applications),https://www.linkedin.com/jobs/view/4371625190/,21.html,,
Investment Analyst,"Sturbridge Capital · Birmingham, MI (On-site)",Applied 2mo ago,(Posted 3mo ago) | Resume downloaded,https://www.linkedin.com/jobs/view/4369547419/,21.html,,
Dark Web Collections Analyst,"District 4 Labs · New York, NY (Hybrid)",Applied 2mo ago,(No longer accepting applications) | Application viewed,https://www.linkedin.com/jobs/view/4359030663/,22.html,,
Back End Developer,"Datasent · Austin, Texas Metropolitan Area (Hybrid)",Applied 2mo ago,(Posted 4mo ago),https://www.linkedin.com/jobs/view/4087387688/,22.html,,
Payer Contract Analyst,"PayrAdvisors · Nashville, TN (On-site)",Applied 2mo ago,(No longer accepting applications),https://www.linkedin.com/jobs/view/4371610456/,22.html,,
"Python Developer, Entry Level","Emonics LLC · New York, United States (On-site)",Applied 2mo ago,(No longer accepting applications),https://www.linkedin.com/jobs/view/4371151797/,22.html,,
Junior Data Analyst,"DetaPent · Austin, Texas Metropolitan Area (Remote)",Applied 2mo ago,(No longer accepting applications),https://www.linkedin.com/jobs/view/4366898655/,22.html,,
Python Developer,"SourceFactor · Washington, DC (Hybrid)",Applied 2mo ago,(No longer accepting applications),https://www.linkedin.com/jobs/view/4362841725/,22.html,,
UX Developer (Frontend Systems & Design at Scale),"Watchtower Labs · Bellevue, WA (On-site)",Applied 2mo ago,(Posted 3mo ago),https://www.linkedin.com/jobs/view/4368512117/,22.html,,
Business Development Associate,American Halal Foundation | Halal Certification Agency · United States (Remote),Applied 2mo ago,(No longer accepting applications),https://www.linkedin.com/jobs/view/4346295265/,22.html,,
"Manager/Analyst, Client Services","Public Works Partners · New York, NY (Hybrid)",Applied 2mo ago,(No longer accepting applications),https://www.linkedin.com/jobs/view/4371473082/,22.html,,
Business Analyst,"AARATECH · New York, NY (On-site)",Applied 2mo ago,(No longer accepting applications),https://www.linkedin.com/jobs/view/4371522388/,22.html,,
"Software Engineer, Entry Level","Emonics LLC · Dallas, TX (On-site)",Applied 2mo ago,(No longer accepting applications),https://www.linkedin.com/jobs/view/4371155571/,23.html,,
Business Analyst,"Nexien Inc. · Ridgefield Park, NJ (On-site)",Applied 3mo ago,(No longer accepting applications),https://www.linkedin.com/jobs/view/4362115041/,23.html,,
Business Systems Analyst,"Dexian · San Francisco, CA (On-site)",Applied 3mo ago,(No longer accepting applications),https://www.linkedin.com/jobs/view/4321476418/,23.html,,
10840-Technical Operations Engineer (GIS),"Hyundai Autoever America · Costa Mesa, CA (On-site)",Applied 8mo ago,(No longer accepting applications),https://www.linkedin.com/jobs/view/4256328801/,23.html,,
Data Scientist,"Trusted Media Brands, Inc. · United States (Remote)",Applied 3mo ago,(No longer accepting applications),https://www.linkedin.com/jobs/view/4359640920/,23.html,,
"Analyst, Real Estate","HR&A Advisors · Washington, DC (On-site)",Applied 3mo ago,(No longer accepting applications),https://www.linkedin.com/jobs/view/4312196226/,23.html,,
"Data Analyst, Reporting & Insights",Medzown · United States (Remote),Applied 4mo ago,(No longer accepting applications),https://www.linkedin.com/jobs/view/4324921960/,23.html,,
Junior Data Analyst,"Microsoft · Washington, United States (Remote)",Applied 3mo ago,(No longer accepting applications),https://www.linkedin.com/jobs/view/4359885871/,23.html,,
AML & Fraud Analyst,"Visionary Innovative Technology Solutions LLC · New Jersey, United States (On-site)",Applied 3mo ago,(No longer accepting applications),https://www.linkedin.com/jobs/view/4359585620/,23.html,,
Software Engineer Entry Level,"General Dynamics Mission Systems · Scottsdale, AZ (On-site)",Applied 3mo ago,(No longer accepting applications),https://www.linkedin.com/jobs/view/4369168227/,24.html,,
"Data Analyst, Merchant Health","Riskified, Inc. · New York, NY (Hybrid)",Applied 6mo ago,(No longer accepting applications),https://www.linkedin.com/jobs/view/4315738147/,24.html,,
Digital Product Manager,"SquareTrade · San Francisco, CA (On-site)",Applied 3mo ago,(No longer accepting applications),https://www.linkedin.com/jobs/view/4352585659/,24.html,,
Information Technology Technician,"New Orleans and South East Information Technology Group · Hammond, LA (On-site)",Applied 3mo ago,(No longer accepting applications),https://www.linkedin.com/jobs/view/4368908066/,24.html,,
Data Analyst,Helic & Co. · United States (Remote),Applied 3mo ago,(No longer accepting applications),https://www.linkedin.com/jobs/view/4369771721/,24.html,,
Analyst,"Lendyx · Miami, FL (On-site)",Applied 3mo ago,(No longer accepting applications),https://www.linkedin.com/jobs/view/4357692026/,24.html,,
Customer Acquisition Expert,"Swift7 Consultants · New Orleans, LA (On-site)",Applied 3mo ago,(No longer accepting applications),https://www.linkedin.com/jobs/view/4367948602/,24.html,,
Associate / Staff Python Developer,"SciTec, Inc. · Boulder, CO (On-site)",Applied 3mo ago,(No longer accepting applications),https://www.linkedin.com/jobs/view/4369625772/,24.html,,
Business System Analyst,"The Judge Group · Chicago, IL (Hybrid)",Applied 3mo ago,(No longer accepting applications),https://www.linkedin.com/jobs/view/4350214367/,24.html,,
Software Engineer | High-Frequency Trading,"Fionics · Chicago, IL (Hybrid)",Applied 3mo ago,(No longer accepting applications),https://www.linkedin.com/jobs/view/4368989973/,24.html,,
Cost Management Analyst,"EPITEC · Moline, IL (On-site)",Applied 3mo ago,(No longer accepting applications),https://www.linkedin.com/jobs/view/4369687945/,25.html,,
Business Analyst,"AARATECH · New York, NY (On-site)",Applied 3mo ago,(No longer accepting applications),https://www.linkedin.com/jobs/view/4368997947/,25.html,,
Junior DevOps Developer I,"Nesco Resource · New York, NY (Hybrid)",Applied 3mo ago,(No longer accepting applications),https://www.linkedin.com/jobs/view/4369625364/,25.html,,
Junior AI/Software Developer,"New Millenium Consulting · New York, NY (Hybrid)",Applied 3mo ago,(No longer accepting applications),https://www.linkedin.com/jobs/view/4369126333/,25.html,,
Programming Dev,Hikaflow · San Francisco Bay Area (Remote),Applied 3mo ago,(No longer accepting applications),https://www.linkedin.com/jobs/view/4369175478/,25.html,,
Data Analyst,"American Technology Consulting - ATC · Texas, United States (On-site)",Applied 3mo ago,(No longer accepting applications),https://www.linkedin.com/jobs/view/4369172024/,25.html,,
Java and Python Developer - Recent Graduate in Chicago,Capgemini · Greater Chicago Area (Hybrid),Applied 3mo ago,(No longer accepting applications),https://www.linkedin.com/jobs/view/4369134199/,25.html,,
AI Application Developer (Early Career),"Edible Brands · Atlanta, GA (Hybrid)",Applied 3mo ago,(No longer accepting applications),https://www.linkedin.com/jobs/view/4360502121/,25.html,,
Remote Business Analyst - 57510,"Turing · Pittsburgh, PA (Remote)",Applied 3mo ago,(No longer accepting applications),https://www.linkedin.com/jobs/view/4369609635/,25.html,,
Junior Technical Analyst,"Elegant Enterprise-Wide Solutions, Inc. · Trenton, NJ (On-site)",Applied 3mo ago,(No longer accepting applications),https://www.linkedin.com/jobs/view/4369190016/,25.html,,
Data Analyst,Helic & Co. · United States (Remote),Applied 3mo ago,(No longer accepting applications),https://www.linkedin.com/jobs/view/4369609767/,26.html,,
Data Architect,Odyssey Information Services · Dallas-Fort Worth Metroplex (Hybrid),Applied 3mo ago,(No longer accepting applications),https://www.linkedin.com/jobs/view/4366878400/,26.html,,
Junior SQL DBA- Only W2 and Locals,"SGS Technologie · Jacksonville, FL (Hybrid)",Applied 3mo ago,(No longer accepting applications),https://www.linkedin.com/jobs/view/4369620243/,26.html,,
W2 only - CRM Data Analyst,"New York Technology Partners · New Brunswick, NJ (Hybrid)",Applied 3mo ago,(No longer accepting applications),https://www.linkedin.com/jobs/view/4366752740/,26.html,,
Data Analyst,"American Technology Consulting - ATC · California, United States (On-site)",Applied 3mo ago,(No longer accepting applications),https://www.linkedin.com/jobs/view/4369155964/,26.html,,
AI Solutions Consultant - Recent Grad,"Cassidy · New York, NY (On-site)",Applied 3mo ago,(No longer accepting applications) | Application viewed,https://www.linkedin.com/jobs/view/4364002189/,26.html,,
"Full-Time Opportunity // Business Analyst // Boston, MA","CloudIngest · Boston, MA (On-site)",Applied 3mo ago,(No longer accepting applications),https://www.linkedin.com/jobs/view/4351873509/,26.html,,
Product Analyst,Intelliswift - An LTTS Company · San Francisco Bay Area (On-site),Applied 3mo ago,(No longer accepting applications),https://www.linkedin.com/jobs/view/4354418155/,26.html,,
Corporate Development Associate (Remote),Experian · United States (Remote),Applied 6mo ago,(No longer accepting applications),https://www.linkedin.com/jobs/view/4314651812/,26.html,,
Finance Systems Analyst - Yardi,"CBRE · Minneapolis, MN (Hybrid)",Applied 3mo ago,(No longer accepting applications),https://www.linkedin.com/jobs/view/4354700641/,27.html,,
Product Manager,"Confidential · San Mateo, CA (On-site)",Applied 3mo ago,(No longer accepting applications),https://www.linkedin.com/jobs/view/4351815454/,27.html,,
Analyst,"Dwight Securities Management LLC · New York, NY (On-site)",Applied 3mo ago,(No longer accepting applications),https://www.linkedin.com/jobs/view/4361677111/,27.html,,
New Grads with Previous Finance Experience or Internships,"Innovations PSI · San Francisco, CA (Hybrid)",Applied 8mo ago,(No longer accepting applications) | Application viewed,https://www.linkedin.com/jobs/view/4235680744/,27.html,,
Data Analyst – Logging,"NextGen | GTA: A Kelly Telecom Company · Plano, TX (On-site)",Applied 3mo ago,(No longer accepting applications),https://www.linkedin.com/jobs/view/4365856859/,27.html,,
Artificial Intelligence Consultant,Strategic Staffing Solutions · Detroit Metropolitan Area (Hybrid),Applied 3mo ago,(No longer accepting applications),https://www.linkedin.com/jobs/view/4363722417/,27.html,,
Product Manager,"YCharts · Chicago, IL (Remote)",Applied 3mo ago,(No longer accepting applications),https://www.linkedin.com/jobs/view/4331596407/,27.html,,
Founding Product Designer,Creative People · New York City Metropolitan Area (On-site),Applied 3mo ago,(No longer accepting applications),https://www.linkedin.com/jobs/view/4352002079/,27.html,,
Business Data Applications Analyst,"Morson Talent · Manhattan, NY (Hybrid)",Applied 3mo ago,(No longer accepting applications),https://www.linkedin.com/jobs/view/4326708819/,27.html,,
Information Technology Consultant,Actualize Consulting · United States (Remote),Applied 6mo ago,(No longer accepting applications) | Application viewed,https://www.linkedin.com/jobs/view/4321122565/,27.html,,
Analyst,"IL MAKIAGE · New York, NY (Hybrid)",Applied 3mo ago,(No longer accepting applications),https://www.linkedin.com/jobs/view/4330476775/,28.html,,
User Experience Designer,"IntePros · New York, NY (Hybrid)",Applied 3mo ago,(No longer accepting applications),https://www.linkedin.com/jobs/view/4358352016/,28.html,,
Assistant Product Manager,Macy's · New York City Metropolitan Area (On-site),Applied 3mo ago,(No longer accepting applications),https://www.linkedin.com/jobs/view/4354672148/,28.html,,
Product Manager,Oho Group Ltd · United States (Remote),Applied 3mo ago,(No longer accepting applications),https://www.linkedin.com/jobs/view/4330275123/,28.html,,
Entry Level Business System Analyst,Brooksource · Greater St. Louis (Hybrid),Applied 3mo ago,(No longer accepting applications),https://www.linkedin.com/jobs/view/4330237637/,28.html,,
AI Deployment Strategist,Cerberus Capital Management · New York City Metropolitan Area (On-site),Applied 3mo ago,(No longer accepting applications),https://www.linkedin.com/jobs/view/4361193081/,28.html,,
Product Manager- U.S.  (start date 2/2/2026),"joimax · Irvine, CA (On-site)",Applied 3mo ago,(No longer accepting applications),https://www.linkedin.com/jobs/view/4323593923/,28.html,,
"Analyst, Technology Risk & Compliance","Chamberlain Advisors · Deerfield, IL (Hybrid)",Applied 3mo ago,(No longer accepting applications),https://www.linkedin.com/jobs/view/4349016787/,28.html,,
Product Analyst,"Capgemini · Pennsylvania, United States (Hybrid)",Applied 3mo ago,(No longer accepting applications),https://www.linkedin.com/jobs/view/4351838917/,28.html,,
Data Analyst,"Scry AI · California, United States (Remote)",Applied 3mo ago,(No longer accepting applications),https://www.linkedin.com/jobs/view/4319910036/,28.html,,
AI Product Engineer,"Tanagram · New York, NY (Hybrid)",Applied 3mo ago,(No longer accepting applications) | Application viewed,https://www.linkedin.com/jobs/view/4249277199/,29.html,,
Generosity Strategy & Insights Analyst,"Fanduel Inc. · New York, NY (Hybrid)",Applied 3mo ago,(No longer accepting applications),https://www.linkedin.com/jobs/view/4339940387/,29.html,,
Research Assay Data Product Analyst,"Charter Global · Rahway, NJ (Remote)",Applied 3mo ago,(No longer accepting applications),https://www.linkedin.com/jobs/view/4352696261/,29.html,,
Jr. IT Business Analyst,"PRI Technology · New York, NY (Hybrid)",Applied 3mo ago,(No longer accepting applications),https://www.linkedin.com/jobs/view/4331177864/,29.html,,
Research Analyst,"Savills North America · Boston, MA (On-site)",Applied 3mo ago,(No longer accepting applications),https://www.linkedin.com/jobs/view/4358501387/,29.html,,
Investigator/Intelligence Analyst (Entry level/Recent grads),"Robert Half · Alpine, UT (On-site)",Applied 6mo ago,(No longer accepting applications),https://www.linkedin.com/jobs/view/4311654248/,29.html,,
Operations Associate,"Brookstone Capital Management · Wheaton, IL (On-site)",Applied 4mo ago,(No longer accepting applications),https://www.linkedin.com/jobs/view/4342281102/,29.html,,
Product Manager,"OpenMind · San Francisco, CA (Hybrid)",Applied 3mo ago,(No longer accepting applications),https://www.linkedin.com/jobs/view/4326653055/,29.html,,
Business Analyst - Digital Experience,"Plymouth Rock Assurance · Woodbridge, NJ (On-site)",Applied 3mo ago,(No longer accepting applications),https://www.linkedin.com/jobs/view/4341534928/,29.html,,
Trade Marketing Analyst,Sigma · United States (Remote),Applied 4mo ago,(No longer accepting applications),https://www.linkedin.com/jobs/view/4325544722/,29.html,,
Data Quality Analyst,eNGINE · Greater Pittsburgh Region (Hybrid),Applied 3mo ago,(No longer accepting applications),https://www.linkedin.com/jobs/view/4354385770/,30.html,,
Quantitative Researcher,"Aleto · Chicago, IL (On-site)",Applied 3mo ago,(No longer accepting applications),https://www.linkedin.com/jobs/view/4329689133/,30.html,,
Product Designer,"The Knot Worldwide · New York, NY (Hybrid)",Applied 3mo ago,(No longer accepting applications),https://www.linkedin.com/jobs/view/4300704555/,30.html,,
Mergers and Acquisitions Analyst,Optimize Search Group · Nashville Metropolitan Area (On-site),Applied 3mo ago,(No longer accepting applications),https://www.linkedin.com/jobs/view/4321427455/,30.html,,
Business Analyst,Ashling Partners · United States (Remote),Applied 3mo ago,(No longer accepting applications),https://www.linkedin.com/jobs/view/4361366312/,30.html,,
Business Operation Analyst,"Stefanini Group · Dearborn, MI (On-site)",Applied 3mo ago,(No longer accepting applications),https://www.linkedin.com/jobs/view/4344149524/,30.html,,
"Financial Analyst, Law Firm","Plona Partners · New York, NY (Hybrid)",Applied 3mo ago,(No longer accepting applications),https://www.linkedin.com/jobs/view/4366141794/,30.html,,
Product Manager,"Intelliswift - An LTTS Company · Mountain View, CA (On-site)",Applied 3mo ago,(No longer accepting applications),https://www.linkedin.com/jobs/view/4329596991/,30.html,,
Jr. Business Analyst,J.Crew · New York City Metropolitan Area (On-site),Applied 3mo ago,(No longer accepting applications),https://www.linkedin.com/jobs/view/4346577237/,30.html,,
Distribution Analyst,J.Crew · New York City Metropolitan Area (On-site),Applied 3mo ago,(No longer accepting applications),https://www.linkedin.com/jobs/view/4346642403/,30.html,,
AI Business Analyst (Consultant) | Blackstone Portfolio Company | Enterpise SaaS | Remote,"Saragossa · Tysons Corner, VA (Remote)",Applied 3mo ago,(No longer accepting applications),https://www.linkedin.com/jobs/view/4353202195/,31.html,,
User Interface Designer,RCI Technologies · New York City Metropolitan Area (On-site),Applied 3mo ago,(No longer accepting applications) | Application viewed,https://www.linkedin.com/jobs/view/4329700252/,31.html,,
User Research and Data Analyst,"Hydrogen Group · Juno Beach, FL (On-site)",Applied 3mo ago,(No longer accepting applications),https://www.linkedin.com/jobs/view/4366151896/,31.html,,
AI Product Manager,1872 Consulting · Greater Chicago Area (Hybrid),Applied 3mo ago,(No longer accepting applications),https://www.linkedin.com/jobs/view/4352624383/,31.html,,
Business Process Analyst,"Dexian · Deerfield, IL (On-site)",Applied 3mo ago,(No longer accepting applications),https://www.linkedin.com/jobs/view/4321459892/,31.html,,
Junior Product Manager,"Hijack Poker · Austin, TX (Hybrid)",Applied 3mo ago,(No longer accepting applications),https://www.linkedin.com/jobs/view/4330705620/,31.html,,
Associate /  Analyst,"BMC Capital · Dallas, TX (On-site)",Applied 3mo ago,(No longer accepting applications) | Application viewed,https://www.linkedin.com/jobs/view/4365890387/,31.html,,
Product Operations Coordinator,"RowsOne · Boca Raton, FL (Remote)",Applied 3mo ago,(No longer accepting applications),https://www.linkedin.com/jobs/view/4346673102/,31.html,,
Entry Level Data Analyst,"CCS Global Tech · Austin, TX (On-site)",Applied 3mo ago,(No longer accepting applications),https://www.linkedin.com/jobs/view/4346858971/,31.html,,
Entry-Level Trader,"Wolverine Trading, LLC- Recruiter · Chicago, IL (On-site)",Applied 4mo ago,(No longer accepting applications) | Application viewed,https://www.linkedin.com/jobs/view/4318406398/,31.html,,
Product Manager/Business Analyst,"Ironbeam, Inc. · Chicago, IL (On-site)",Applied 3mo ago,(No longer accepting applications),https://www.linkedin.com/jobs/view/4363590237/,32.html,,
Data Scientist,"US Tech Solutions · Santa Clara, CA (On-site)",Applied 3mo ago,(No longer accepting applications),https://www.linkedin.com/jobs/view/4355290006/,32.html,,
Associate Product Manager,"SciPro · Santa Clara County, CA (On-site)",Applied 3mo ago,(No longer accepting applications),https://www.linkedin.com/jobs/view/4329130713/,32.html,,
Product Manager,"Upside Search · Indianapolis, IN (Remote)",Applied 3mo ago,(No longer accepting applications),https://www.linkedin.com/jobs/view/4354349423/,32.html,,
UX Researcher,"Versant Media · Englewood Cliffs, NJ (Hybrid)",Applied 3mo ago,(No longer accepting applications),https://www.linkedin.com/jobs/view/4354750798/,32.html,,
Data Scientist,Advize · United States (Remote),Applied 3mo ago,(No longer accepting applications),https://www.linkedin.com/jobs/view/4362852174/,32.html,,
Growth Engineer,Juxta · San Francisco Bay Area (On-site),Applied 3mo ago,(Posted 3mo ago),https://www.linkedin.com/jobs/view/4354800894/,32.html,,
Product Manager,"Soho Square Solutions · San Jose, CA (On-site)",Applied 3mo ago,(No longer accepting applications),https://www.linkedin.com/jobs/view/4352701473/,32.html,,
Junior Analyst,"Koya Law LLC · Chicago, IL (On-site)",Applied 3mo ago,(No longer accepting applications),https://www.linkedin.com/jobs/view/4329585498/,32.html,,
"Analyst, Customer Insights","KnitWell Group · New York, NY (On-site)",Applied 3mo ago,(No longer accepting applications),https://www.linkedin.com/jobs/view/4326483077/,32.html,,
Product Manager,"Basis Technologies · Chicago, IL (Remote)",Applied 3mo ago,(No longer accepting applications),https://www.linkedin.com/jobs/view/4352507439/,33.html,,
User Experience Designer,"Brillio · New York, NY (On-site)",Applied 3mo ago,(No longer accepting applications),https://www.linkedin.com/jobs/view/4354809038/,33.html,,
Operations Associate,"PeopleShare · Schaumburg, IL (On-site)",Applied 4mo ago,(No longer accepting applications),https://www.linkedin.com/jobs/view/4342891803/,33.html,,
Associate Supply Chain Analyst (Entry Level),"Emonics LLC · Los Angeles, CA (On-site)",Applied 3mo ago,(No longer accepting applications),https://www.linkedin.com/jobs/view/4354466591/,33.html,,
Business Intelligence Analyst,IMAGINiT Technologies · United States (Remote),Applied 3mo ago,(No longer accepting applications),https://www.linkedin.com/jobs/view/4328230031/,33.html,,
Business Intelligence Analyst,"Vantage Specialty Chemicals · Deerfield, IL (On-site)",Applied 3mo ago,(No longer accepting applications),https://www.linkedin.com/jobs/view/4344840409/,33.html,,
Junior User Researcher,Wavytalk · New York City Metropolitan Area (Hybrid),Applied 3mo ago,(No longer accepting applications),https://www.linkedin.com/jobs/view/4353220561/,33.html,,
Data Analyst,"HUB International · Chicago, IL (Hybrid)",Applied 3mo ago,(No longer accepting applications),https://www.linkedin.com/jobs/view/4330400182/,33.html,,
Sales Analyst,Piper Maddox · United States (Remote),Applied 4mo ago,(No longer accepting applications),https://www.linkedin.com/jobs/view/4327829583/,33.html,,
Product Manager,"Insight Global · San Jose, CA (On-site)",Applied 3mo ago,(No longer accepting applications),https://www.linkedin.com/jobs/view/4329828627/,33.html,,
Data Analyst,Motion Recruitment · United States (Remote),Applied 4mo ago,(No longer accepting applications),https://www.linkedin.com/jobs/view/4344629881/,34.html,,
Business Analyst,"Getty Images · Chicago, IL (Hybrid)",Applied 3mo ago,(No longer accepting applications),https://www.linkedin.com/jobs/view/4352980184/,34.html,,
Data Privacy Analyst,Covington & Burling LLP · United States (Remote),Applied 4mo ago,(No longer accepting applications),https://www.linkedin.com/jobs/view/4328121357/,34.html,,
User Experience Designer,"Insight Global · Stamford, CT (Hybrid)",Applied 3mo ago,(No longer accepting applications),https://www.linkedin.com/jobs/view/4331956627/,34.html,,
Product Analyst,"Delta System & Software, Inc. · New York City Metropolitan Area (On-site)",Applied 3mo ago,(No longer accepting applications),https://www.linkedin.com/jobs/view/4330623363/,34.html,,
Product Manager,"Prodware Solutions · Des Moines, IA (Hybrid)",Applied 3mo ago,(No longer accepting applications),https://www.linkedin.com/jobs/view/4359675864/,34.html,,
IT Operations Analyst (100% Remote),Zeektek · United States (Remote),Applied 3mo ago,(No longer accepting applications),https://www.linkedin.com/jobs/view/4351824998/,34.html,,
Data Analyst,TheCorporate · United States (Remote),Applied 4mo ago,(No longer accepting applications),https://www.linkedin.com/jobs/view/4328211659/,34.html,,
"Associate, Strategy & Operations",Filevine · United States (Remote),Applied 5mo ago,(No longer accepting applications),https://www.linkedin.com/jobs/view/4340317462/,34.html,,
Business Analyst,"MetroStar Systems, Inc. · United States (Remote)",Applied 4mo ago,(No longer accepting applications),https://www.linkedin.com/jobs/view/4350809488/,34.html,,
Data Analyst,Areti Group | B Corp™ · United States (Remote),Applied just now,(No longer accepting applications),https://www.linkedin.com/jobs/view/4346017348/,35.html,,
Data Analyst,Go Offer · United States (Remote),Applied 4mo ago,(No longer accepting applications),https://www.linkedin.com/jobs/view/4326378899/,35.html,,
Data Analyst - Remote,Zywave · United States (Remote),Applied just now,(No longer accepting applications),https://www.linkedin.com/jobs/view/4298213834/,35.html,,
Investment Operations Associate,"Claire Myers Consulting · Chicago, IL (Hybrid)",Applied just now,(No longer accepting applications),https://www.linkedin.com/jobs/view/4346145100/,35.html,,
IBM Mainframe Data Communication Analyst,The Judge Group · United States (Remote),Applied 6mo ago,(No longer accepting applications),https://www.linkedin.com/jobs/view/4333798978/,35.html,,
Junior IT Business Analyst,Paladin Consulting · United States (Remote),Applied 4mo ago,(No longer accepting applications),https://www.linkedin.com/jobs/view/4329190306/,35.html,,
Marketing Performance Analyst,"Montgomery Code · Grand Rapids, MI (Hybrid)",Applied just now,(No longer accepting applications),https://www.linkedin.com/jobs/view/4329273730/,35.html,,
Data Engineer,Temu · United States (Remote),Applied 6mo ago,(No longer accepting applications),https://www.linkedin.com/jobs/view/4319414857/,35.html,,
Operations Analyst,Healthfuse · United States (Remote),Applied 6mo ago,(No longer accepting applications),https://www.linkedin.com/jobs/view/4306634258/,35.html,,
Salesforce Marketing Cloud Analyst,"Ursus IT Solutions · Foster City, CA (Hybrid)",Applied 6mo ago,(No longer accepting applications) | Resume downloaded,https://www.linkedin.com/jobs/view/4313396207/,35.html,,
Market Research & Insights Associate,"West Monroe · Boston, MA (Hybrid)",Applied 8mo ago,(No longer accepting applications),https://www.linkedin.com/jobs/view/4292588414/,36.html,,
"Analyst, Compliance Auditing, Monitoring and Analytics","Option Care · Bannockburn, IL (On-site)",Applied 7mo ago,(No longer accepting applications),https://www.linkedin.com/jobs/view/4304326846/,36.html,,
BI/ Reporting Data analyst,"PTR Global · Chicago, IL (Hybrid)",Applied 6mo ago,(No longer accepting applications),https://www.linkedin.com/jobs/view/4334528560/,36.html,,
Data Analytics Specialist - Remote DC,JustinBradley · Washington DC-Baltimore Area (Remote),Applied 6mo ago,(No longer accepting applications),https://www.linkedin.com/jobs/view/4320645649/,36.html,,
Marketing Data Scientist - Remote,Harbor Freight Tools · United States (Remote),Applied 6mo ago,(No longer accepting applications),https://www.linkedin.com/jobs/view/4316997797/,36.html,,
Business Intelligence Analyst,"Sanford Barrows Group · Miami, FL (Hybrid)",Applied 6mo ago,(No longer accepting applications),https://www.linkedin.com/jobs/view/4334191709/,36.html,,
Business Development Representative,"Simetrik · Chicago, IL (Hybrid)",Applied 7mo ago,(No longer accepting applications),https://www.linkedin.com/jobs/view/4308856506/,36.html,,
"Junior Tableau Analyst, Digital Experience","Savills North America · Tampa, FL (Hybrid)",Applied 6mo ago,(No longer accepting applications),https://www.linkedin.com/jobs/view/4333818364/,36.html,,
Revenue Analyst,InformData · United States (Remote),Applied 6mo ago,(No longer accepting applications),https://www.linkedin.com/jobs/view/4320131312/,36.html,,
Technical Business Analyst,Tata Consultancy Services · United States (Remote),Applied 6mo ago,(No longer accepting applications),https://www.linkedin.com/jobs/view/4320032778/,36.html,,
Associate Data Engineer (5892),"MetroStar Systems, Inc. · Quantico, VA",Applied 8mo ago,(No longer accepting applications),https://www.linkedin.com/jobs/view/4235230523/,37.html,,
Warehouse Analyst,Hirewell · United States (Remote),Applied 6mo ago,(No longer accepting applications),https://www.linkedin.com/jobs/view/4319105951/,37.html,,
Credit Analyst,AGL Credit Management · New York City Metropolitan Area (On-site),Applied 6mo ago,(No longer accepting applications),https://www.linkedin.com/jobs/view/4305739450/,37.html,,
Research Analyst,Levy Global · United States (Remote),Applied 6mo ago,(No longer accepting applications),https://www.linkedin.com/jobs/view/4331129225/,37.html,,
Private Equity Associate – Middle-Market Focus,"Tenfold Search & Advisory · New Orleans, LA (On-site)",Applied 6mo ago,(No longer accepting applications),https://www.linkedin.com/jobs/view/4302603877/,37.html,,
Developer - Business Technology,Ledgent Technology · United States (Remote),Applied 6mo ago,(No longer accepting applications),https://www.linkedin.com/jobs/view/4320495079/,37.html,,
"Data Engineer (AWS, Azure, GCP)","CapTech Ventures · Chicago, IL (Remote)",Applied 7mo ago,(No longer accepting applications),https://www.linkedin.com/jobs/view/4298783180/,37.html,,
Tableau Specialist,KellyMitchell Group · United States (Remote),Applied 6mo ago,(No longer accepting applications),https://www.linkedin.com/jobs/view/4318500189/,37.html,,
Business System Analyst,Atlas Search · United States (Remote),Applied 6mo ago,(No longer accepting applications),https://www.linkedin.com/jobs/view/4337712504/,37.html,,
Business Intelligence Analyst,"BDP International · Allentown, PA (On-site)",Applied 8mo ago,(No longer accepting applications),https://www.linkedin.com/jobs/view/4277721851/,37.html,,
Data Scientist - Remote,Experian · United States (Remote),Applied 6mo ago,(No longer accepting applications),https://www.linkedin.com/jobs/view/4332774956/,38.html,,
Associate,Healogix · United States (Remote),Applied 6mo ago,(No longer accepting applications),https://www.linkedin.com/jobs/view/4317344756/,38.html,,
Operational Data Analysis Specialist (Microsoft Power Platform),"Paradigm Technology · Chattanooga, TN (Remote)",Applied 6mo ago,(No longer accepting applications),https://www.linkedin.com/jobs/view/4320784146/,38.html,,
Analytics Engineer,Phamily · United States (Remote),Applied 6mo ago,(No longer accepting applications),https://www.linkedin.com/jobs/view/4306284717/,38.html,,
Product Data Analyst,Stardust  · United States (Remote),Applied 6mo ago,(No longer accepting applications),https://www.linkedin.com/jobs/view/4334641394/,38.html,,
Data Analyst,Stardust  · United States (Remote),Applied 6mo ago,(No longer accepting applications),https://www.linkedin.com/jobs/view/4334810303/,38.html,,
AI - Business Analyst,Apex Systems · United States (Remote),Applied 6mo ago,(No longer accepting applications),https://www.linkedin.com/jobs/view/4319883762/,38.html,,
Operations Analyst,"Coinflow · Chicago, IL (On-site)",Applied 7mo ago,(No longer accepting applications),https://www.linkedin.com/jobs/view/4310039995/,38.html,,
Strategic Initiatives Associate,Michelli Weighing & Measurement · Greater New Orleans Region (Remote),Applied 6mo ago,(No longer accepting applications),https://www.linkedin.com/jobs/view/4316381564/,38.html,,
Marketing Data Analyst,"MCoBeauty · New York, NY (On-site)",Applied 6mo ago,(No longer accepting applications),https://www.linkedin.com/jobs/view/4312402844/,38.html,,
Digital Analyst,Diligente Technologies · United States (Remote),Applied 6mo ago,(No longer accepting applications),https://www.linkedin.com/jobs/view/4334370733/,39.html,,
Real Estate Data & Analytics Analyst,"FirstKey Mortgage, LLC · New York, NY (On-site)",Applied 6mo ago,(No longer accepting applications),https://www.linkedin.com/jobs/view/4312402133/,39.html,,
CRM Analyst,"San Diego FC · San Diego, CA (On-site)",Applied 6mo ago,(No longer accepting applications),https://www.linkedin.com/jobs/view/4314865101/,39.html,,
Data Analyst,"EPITEC · Plano, TX (On-site)",Applied 6mo ago,(No longer accepting applications),https://www.linkedin.com/jobs/view/4321072033/,39.html,,
Junior Data Analyst (No C2C/No Sponsorship),Randstad USA · United States (Remote),Applied 6mo ago,(No longer accepting applications),https://www.linkedin.com/jobs/view/4334011601/,39.html,,
Product Analyst,"Storm2 · New York, NY (Hybrid)",Applied 6mo ago,(No longer accepting applications),https://www.linkedin.com/jobs/view/4314666992/,39.html,,
Data Governance Analyst,"HD Supply · Atlanta, GA (Remote)",Applied 6mo ago,(No longer accepting applications),https://www.linkedin.com/jobs/view/4314680180/,39.html,,
Business Data Analyst,Net2Source (N2S) · United States (Remote),Applied 6mo ago,(No longer accepting applications),https://www.linkedin.com/jobs/view/4317881429/,39.html,,
Data & Analytics Consultant,rockITdata · United States (Remote),Applied 8mo ago,(No longer accepting applications),https://www.linkedin.com/jobs/view/4279824361/,39.html,,
Marketing Data Analyst,"SPECTRAFORCE · North Chicago, IL (Remote)",Applied 6mo ago,(No longer accepting applications),https://www.linkedin.com/jobs/view/4334571198/,39.html,,
Database Specialist,"Softworld, a Kelly Company · United States (Remote)",Applied 6mo ago,(No longer accepting applications),https://www.linkedin.com/jobs/view/4318154103/,40.html,,
"Machine Learning Engineer, Roku TV","Roku · San Jose, CA (Hybrid)",Applied 8mo ago,(No longer accepting applications),https://www.linkedin.com/jobs/view/4281903004/,40.html,,
Python Developer,"CareerVest · Chicago, IL (On-site)",Applied 6mo ago,(No longer accepting applications),https://www.linkedin.com/jobs/view/4321162464/,40.html,,
Data Specialist,Magic EdTech · United States (Remote),Applied 6mo ago,(No longer accepting applications),https://www.linkedin.com/jobs/view/4331726611/,40.html,,
Investor Relations Associate,AKA Search Group · United States (Remote),Applied 6mo ago,(No longer accepting applications) | Application viewed,https://www.linkedin.com/jobs/view/4333788934/,40.html,,
Data Analyst,"AARATECH · Virginia, United States (On-site)",Applied 6mo ago,(No longer accepting applications),https://www.linkedin.com/jobs/view/4321272007/,40.html,,
Power BI Specialist – Labor Strategy,"Lorien Health Services · Ellicott City, MD (Hybrid)",Applied 6mo ago,(No longer accepting applications),https://www.linkedin.com/jobs/view/4338020337/,40.html,,
Junior Analytics Engineer,Chemistry Rx Compounding and Specialty Pharmacy · United States (Remote),Applied 6mo ago,(No longer accepting applications),https://www.linkedin.com/jobs/view/4333698268/,40.html,,
Data Research Analyst,"Daice Labs · Boston, MA (Remote)",Applied 6mo ago,(No longer accepting applications),https://www.linkedin.com/jobs/view/4334368752/,40.html,,
Web Analyst,MindSource · United States (Remote),Applied 6mo ago,(No longer accepting applications),https://www.linkedin.com/jobs/view/4321193153/,40.html,,
Data Analyst,"IMCS Group · Malvern, PA (Hybrid)",Applied 6mo ago,(No longer accepting applications),https://www.linkedin.com/jobs/view/4321030659/,41.html,,
Data Analyst,Lorvenk Technologies · United States (Remote),Applied 6mo ago,(No longer accepting applications),https://www.linkedin.com/jobs/view/4321094353/,41.html,,
Marketing Data Analyst,Advantage Technical · United States (Remote),Applied 6mo ago,(No longer accepting applications),https://www.linkedin.com/jobs/view/4334252632/,41.html,,
Data Engineer,"Atlantic Group · New York, NY (On-site)",Applied 8mo ago,(No longer accepting applications),https://www.linkedin.com/jobs/view/4206698762/,41.html,,
Data Scientist,RandomTrees · United States (Remote),Applied 6mo ago,(No longer accepting applications),https://www.linkedin.com/jobs/view/4337803267/,41.html,,
Sales Analyst,"SEI · Grand Rapids, MI (On-site)",Applied 6mo ago,(No longer accepting applications),https://www.linkedin.com/jobs/view/4312875737/,41.html,,
Information Technology Sales Specialist,"Innovative Systems Group · Glen Ellyn, IL (On-site)",Applied 7mo ago,(No longer accepting applications),https://www.linkedin.com/jobs/view/4311725148/,41.html,,
Buyside Business Development Analyst/Associate,"West 4th Capital · New York, United States (Remote)",Applied 7mo ago,(No longer accepting applications),https://www.linkedin.com/jobs/view/4308453805/,41.html,,
Business Data Analyst,"Adecco · New York, NY (On-site)",Applied 6mo ago,(No longer accepting applications),https://www.linkedin.com/jobs/view/4315276321/,41.html,,
Business Analyst,VivSoft · United States (Remote),Applied 7mo ago,(No longer accepting applications),https://www.linkedin.com/jobs/view/4310940907/,41.html,,
Business Analyst,Intuvia Technologies · United States (Remote),Applied 6mo ago,(No longer accepting applications),https://www.linkedin.com/jobs/view/4310953207/,42.html,,
Data Architect,"OpenArc, LLC. · New Orleans, LA (On-site)",Applied 6mo ago,(No longer accepting applications),https://www.linkedin.com/jobs/view/4318489813/,42.html,,
Entry Level Brokerage / Trading Operations Analysts,"Lenmar Consulting Inc · Baltimore, MD (Hybrid)",Applied 7mo ago,(No longer accepting applications),https://www.linkedin.com/jobs/view/4309797736/,42.html,,
Finance Operations Analyst,Savills North America · New York City Metropolitan Area (On-site),Applied 7mo ago,(No longer accepting applications),https://www.linkedin.com/jobs/view/4311138490/,42.html,,
Digital Web Analyst,Synergis · United States (Remote),Applied 6mo ago,(No longer accepting applications),https://www.linkedin.com/jobs/view/4319863890/,42.html,,
Junior Data Visualization Developer (Remote - US),Jobgether · United States (Remote),Applied 6mo ago,(No longer accepting applications),https://www.linkedin.com/jobs/view/4318037744/,42.html,,
People Analytics Analyst,LeadStack Inc. · United States (Remote),Applied 6mo ago,(No longer accepting applications),https://www.linkedin.com/jobs/view/4333358667/,42.html,,
Supply Chain Analyst,"Sol-Millennium Medical Group · Chicago, IL (Hybrid)",Applied 7mo ago,(No longer accepting applications),https://www.linkedin.com/jobs/view/4308787753/,42.html,,
Data Specialist,Advize · United States (Remote),Applied 6mo ago,(No longer accepting applications),https://www.linkedin.com/jobs/view/4333507769/,42.html,,
Scientific Business Data Analyst,US Tech Solutions · United States (Remote),Applied 6mo ago,(No longer accepting applications),https://www.linkedin.com/jobs/view/4331472306/,42.html,,
Salesforce Support Analyst,Calculated Hire · United States (Remote),Applied 6mo ago,(No longer accepting applications),https://www.linkedin.com/jobs/view/4315744829/,43.html,,
Fintech Research Analyst (Remote),Blazel · United States (Remote),Applied 6mo ago,(No longer accepting applications),https://www.linkedin.com/jobs/view/4333822753/,43.html,,
Business Analyst,Net2Source (N2S) · United States (Remote),Applied 6mo ago,(No longer accepting applications),https://www.linkedin.com/jobs/view/4333257055/,43.html,,
Accounting Revenue Analyst,"WellNow Urgent Care · Chicago, IL (On-site)",Applied 7mo ago,(No longer accepting applications),https://www.linkedin.com/jobs/view/4308842790/,43.html,,
Data Management & Quantitative Analysis Specialist,"IntePros · Pittsburgh, PA (On-site)",Applied 7mo ago,(No longer accepting applications),https://www.linkedin.com/jobs/view/4310415175/,43.html,,
Trade Operations - Quant Trading - up to $210k total compensation,"Saragossa · Chicago, IL (On-site)",Applied 7mo ago,(No longer accepting applications),https://www.linkedin.com/jobs/view/4306545488/,43.html,,
Data Scientist,Webologix Ltd/ INC · United States (Remote),Applied 7mo ago,(No longer accepting applications),https://www.linkedin.com/jobs/view/4309009164/,43.html,,
System Analyst,"Ascendion · Seattle, WA (Hybrid)",Applied 7mo ago,(No longer accepting applications),https://www.linkedin.com/jobs/view/4309747862/,43.html,,
"English Speakers - Online Data Analyst (Freelance, Remote)","TELUS Digital AI Data Solutions · Delaware, United States (Remote)",Applied 7mo ago,(No longer accepting applications),https://www.linkedin.com/jobs/view/4308946079/,43.html,,
Financial Planning & Investment Associate,"GT Financial Group, Inc. · Denver, CO (On-site)",Applied 7mo ago,(No longer accepting applications) | Application viewed,https://www.linkedin.com/jobs/view/4310025044/,43.html,,
Business Analyst,MXA Solutions · Washington DC-Baltimore Area (Hybrid),Applied 7mo ago,(No longer accepting applications),https://www.linkedin.com/jobs/view/4310876530/,44.html,,
Research & Insights Associate,Basis Technologies · United States (Remote),Applied 7mo ago,(No longer accepting applications),https://www.linkedin.com/jobs/view/4307578015/,44.html,,
IT Asset Management Coordinator,Trulieve · Tallahassee Metropolitan Area (Remote),Applied 7mo ago,(No longer accepting applications),https://www.linkedin.com/jobs/view/4306521685/,44.html,,
AI Labeling Analyst - Entry Level,Digitive · United States (Remote),Applied 7mo ago,(No longer accepting applications),https://www.linkedin.com/jobs/view/4302277233/,44.html,,
AI Research Strategist,Smith Hanley Associates · United States (Remote),Applied 7mo ago,(No longer accepting applications),https://www.linkedin.com/jobs/view/4311580444/,44.html,,
Account Manager,"Peoplevine · Chicago, IL (Hybrid)",Applied 7mo ago,(No longer accepting applications),https://www.linkedin.com/jobs/view/4306694257/,44.html,,
Junior Quantitative Researcher,"AAA Global · New York, United States (On-site)",Applied 7mo ago,(No longer accepting applications),https://www.linkedin.com/jobs/view/4291294511/,44.html,,
Research Analyst,"Lead Advisor · New York, NY (Hybrid)",Applied 7mo ago,(No longer accepting applications),https://www.linkedin.com/jobs/view/4308059725/,44.html,,
Business Intelligence Analyst,"CentersquareDC · Coppell, TX (On-site)",Applied 8mo ago,(No longer accepting applications),https://www.linkedin.com/jobs/view/4290911197/,44.html,,
Associate Account Manager,"Dexian · Chicago, IL (Hybrid)",Applied 7mo ago,(No longer accepting applications),https://www.linkedin.com/jobs/view/4303801968/,44.html,,
Data Collection Specialist,Carnegie · United States (Remote),Applied 7mo ago,(No longer accepting applications),https://www.linkedin.com/jobs/view/4311557693/,45.html,,
Financial Analyst,"DineEquity, Inc. · Pasadena, CA",Applied 8mo ago,(No longer accepting applications),https://www.linkedin.com/jobs/view/4280851254/,45.html,,
Product Analyst-AI enterprise search Platform,Ampstek · United States (Remote),Applied 7mo ago,(No longer accepting applications),https://www.linkedin.com/jobs/view/4305394773/,45.html,,
Research Data Analyst,Eating Recovery Center · United States (Remote),Applied 6mo ago,(No longer accepting applications),https://www.linkedin.com/jobs/view/4316370170/,45.html,,
"Associate, Data Analyst","Braven · Chicago, IL (Hybrid)",Applied 7mo ago,(No longer accepting applications),https://www.linkedin.com/jobs/view/4305466102/,45.html,,
Commercial Credit Analyst,"Dexian · Chicago, IL (On-site)",Applied 7mo ago,(No longer accepting applications),https://www.linkedin.com/jobs/view/4308853816/,45.html,,
Investment Banking Analyst / Venture Capital Analyst 2025,"First Analysis · Chicago, IL (Hybrid)",Applied 7mo ago,(No longer accepting applications),https://www.linkedin.com/jobs/view/4292504976/,45.html,,
Private Client Placement Coordinator,"HUB International · Chicago, IL (On-site)",Applied 7mo ago,(No longer accepting applications),https://www.linkedin.com/jobs/view/4307589071/,45.html,,
Performance Analyst,"Fiducient Advisors · Chicago, IL (Hybrid)",Applied 7mo ago,(No longer accepting applications),https://www.linkedin.com/jobs/view/4289942290/,45.html,,
Options Quant Researcher,"Alexander Chapman · Chicago, IL (On-site)",Applied 7mo ago,(No longer accepting applications),https://www.linkedin.com/jobs/view/4303025309/,45.html,,
Operations Analyst,"SunVest Solar, LLC · Chicago, IL (On-site)",Applied 7mo ago,(No longer accepting applications),https://www.linkedin.com/jobs/view/4302428918/,46.html,,
Financial Advisor,"Prudential Financial · Downers Grove, IL (Hybrid)",Applied 7mo ago,(No longer accepting applications) | Application viewed,https://www.linkedin.com/jobs/view/4287560389/,46.html,,
Finance Business Intelligence Analyst,"Fanduel Inc. · New York, NY (Hybrid)",Applied 8mo ago,(No longer accepting applications),https://www.linkedin.com/jobs/view/4288941838/,46.html,,
Business Analyst,"Luxoft · Chicago, IL (Hybrid)",Applied 7mo ago,(No longer accepting applications),https://www.linkedin.com/jobs/view/4300323923/,46.html,,
Client Financial Analyst,"McCann New York · New York, NY (On-site)",Applied 7mo ago,(No longer accepting applications),https://www.linkedin.com/jobs/view/4295594536/,46.html,,
Financial Analyst,"Connect Search, LLC · Oak Brook, IL (Hybrid)",Applied 7mo ago,(No longer accepting applications),https://www.linkedin.com/jobs/view/4310949693/,46.html,,
Quantitative Researcher,"C2R Ventures · New York, NY (Hybrid)",Applied 7mo ago,(No longer accepting applications),https://www.linkedin.com/jobs/view/4300938079/,46.html,,
Data Analyst,"Emonics LLC · Pennsylvania, United States (On-site)",Applied 7mo ago,(No longer accepting applications),https://www.linkedin.com/jobs/view/4309788241/,46.html,,
Quantitative Trader,"Limestone Investment Advisors · New York, NY (On-site)",Applied 7mo ago,(No longer accepting applications) | Application viewed,https://www.linkedin.com/jobs/view/4300718553/,46.html,,
Human Resources Information System Analyst,"Equity LifeStyle Properties, Inc. · Chicago, IL (On-site)",Applied 7mo ago,(No longer accepting applications),https://www.linkedin.com/jobs/view/4297895963/,46.html,,
Data Scientist,"Associate Staffing · Charlotte, NC (On-site)",Applied 8mo ago,(No longer accepting applications),https://www.linkedin.com/jobs/view/4292851209/,47.html,,
Help Desk Analyst,"TalentBridge · Charlotte, NC (Remote)",Applied 7mo ago,(No longer accepting applications) | Resume downloaded,https://www.linkedin.com/jobs/view/4307063780/,47.html,,
Platform Engineer,"SpotOn - Corporate · Chicago, IL",Applied 7mo ago,(No longer accepting applications),https://www.linkedin.com/jobs/view/4292177641/,47.html,,
Analyst,"Resource Innovations · Chicago, IL (Hybrid)",Applied 7mo ago,(No longer accepting applications),https://www.linkedin.com/jobs/view/4294380722/,47.html,,
Financial Analyst,"Zest AI · Burbank, CA (Hybrid)",Applied 8mo ago,(No longer accepting applications),https://www.linkedin.com/jobs/view/4284602980/,47.html,,
Finanical Analyst - Reporting and Analytics,"TAG - The Aspen Group · Chicago, IL (On-site)",Applied 7mo ago,(No longer accepting applications),https://www.linkedin.com/jobs/view/4299605374/,47.html,,
Data Engineer,"Radley James · Chicago, IL (On-site)",Applied 7mo ago,(No longer accepting applications),https://www.linkedin.com/jobs/view/4299758444/,47.html,,
Quantitative Analyst,"Iceberg · New York, United States (Hybrid)",Applied 7mo ago,(No longer accepting applications),https://www.linkedin.com/jobs/view/4297447141/,47.html,,
Junior Analyst,"MindSpring Partners LLC · Chicago, IL (Hybrid)",Applied 7mo ago,(No longer accepting applications),https://www.linkedin.com/jobs/view/4298693726/,47.html,,
Information Technology Analyst,"Engtal · Willowbrook, IL (On-site)",Applied 7mo ago,(No longer accepting applications),https://www.linkedin.com/jobs/view/4310069172/,47.html,,
Product/ Business Analyst,BayRock Labs · United States (Remote),Applied 7mo ago,(No longer accepting applications),https://www.linkedin.com/jobs/view/4310948386/,48.html,,
Privacy & Compliance Analyst,Owlet Baby Care · United States (Remote),Applied 7mo ago,(No longer accepting applications),https://www.linkedin.com/jobs/view/4278856250/,48.html,,
Deal Analyst,"Workday · Chicago, IL (Hybrid)",Applied 7mo ago,(No longer accepting applications),https://www.linkedin.com/jobs/view/4298699195/,48.html,,
Prompt Engineer and Data Analyst,"Welocalize, Inc. · United States (Remote)",Applied 7mo ago,(No longer accepting applications),https://www.linkedin.com/jobs/view/4310002936/,48.html,,
Jr Operations Analyst,"Take2 Consulting, LLC · United States (Remote)",Applied 7mo ago,(No longer accepting applications),https://www.linkedin.com/jobs/view/4306271321/,48.html,,
NFL: Business Systems Analyst,Algoworks · New York City Metropolitan Area (Hybrid),Applied 7mo ago,(No longer accepting applications),https://www.linkedin.com/jobs/view/4302032724/,48.html,,
Jr. Data Scientist,Insight Global · United States (Remote),Applied 7mo ago,(No longer accepting applications),https://www.linkedin.com/jobs/view/4310919802/,48.html,,
Private Equity Associate,"Superstep Capital · New York, NY (Hybrid)",Applied 7mo ago,(No longer accepting applications) | Application viewed,https://www.linkedin.com/jobs/view/4310021062/,48.html,,
Business Data Analyst,"Superior Steel Supply, LLC · Colorado Springs, CO (Hybrid)",Applied 7mo ago,(No longer accepting applications) | Resume downloaded,https://www.linkedin.com/jobs/view/4309790596/,48.html,,
Customer Success/Support Analyst - Banking/Fintech,KP Recruiting Group · United States (Remote),Applied 7mo ago,(No longer accepting applications),https://www.linkedin.com/jobs/view/4309658134/,48.html,,
Marketing Data Analytics Specialist,Prosci · United States (Remote),Applied 7mo ago,(No longer accepting applications),https://www.linkedin.com/jobs/view/4302548211/,49.html,,
Ecommerce Analyst,"NDX Human Capital Solutions · Warren, MI (Hybrid)",Applied 7mo ago,(No longer accepting applications),https://www.linkedin.com/jobs/view/4311139218/,49.html,,
Data Analysis Associate,"RPStaffing · Washington, DC (Remote)",Applied 7mo ago,(No longer accepting applications),https://www.linkedin.com/jobs/view/4308782846/,49.html,,
Data Analyst,"Prometheus Group · Raleigh, NC (On-site)",Applied 7mo ago,(No longer accepting applications),https://www.linkedin.com/jobs/view/4308095575/,49.html,,
Data Engineer,"Take2 Consulting, LLC · United States (Remote)",Applied 7mo ago,(No longer accepting applications),https://www.linkedin.com/jobs/view/4311555068/,49.html,,
New Business Associate,Pareto USA · United States (Remote),Applied 7mo ago,(No longer accepting applications),https://www.linkedin.com/jobs/view/4308242572/,49.html,,
Risk & Fraud Data Scientist – SQL / Tableau / AWS,"Amerit Consulting · San Jose, CA (Hybrid)",Applied 7mo ago,(No longer accepting applications),https://www.linkedin.com/jobs/view/4305161176/,49.html,,
Jr Quant Researcher - Trading Desk,"JW Michaels & Co. · New York, NY (On-site)",Applied 7mo ago,(No longer accepting applications),https://www.linkedin.com/jobs/view/4265004401/,49.html,,
Business System Analyst - Loans,Ztek Consulting · United States (Remote),Applied 7mo ago,(No longer accepting applications),https://www.linkedin.com/jobs/view/4309255926/,49.html,,
Business Functional Analyst,Ledgent Technology · United States (Remote),Applied 7mo ago,(No longer accepting applications),https://www.linkedin.com/jobs/view/4311203038/,49.html,,
Sales & Marketing Associate,"Red Cedar Investment Management, LLC · Grand Rapids, MI (On-site)",Applied 7mo ago,(No longer accepting applications) | Resume downloaded,https://www.linkedin.com/jobs/view/4303689466/,50.html,,
Credit Analyst,"LHH · Chicago, IL (Hybrid)",Applied 7mo ago,(No longer accepting applications),https://www.linkedin.com/jobs/view/4310055104/,50.html,,
Yield Analyst,Aditude · United States (Remote),Applied 7mo ago,(No longer accepting applications),https://www.linkedin.com/jobs/view/4305207123/,50.html,,
Data Quality Analyst,Insight Global · United States (Remote),Applied 7mo ago,(No longer accepting applications),https://www.linkedin.com/jobs/view/4307072305/,50.html,,
Business Solutions Consultant,"Midspire · Schaumburg, IL (On-site)",Applied 7mo ago,(No longer accepting applications),https://www.linkedin.com/jobs/view/4303113324/,50.html,,
Analyst,"HUB International · Pasadena, CA (On-site)",Applied 7mo ago,(No longer accepting applications),https://www.linkedin.com/jobs/view/4309212181/,50.html,,
Operations Specialist,"TransLoop · Chicago, IL (On-site)",Applied 7mo ago,(No longer accepting applications) | Application viewed,https://www.linkedin.com/jobs/view/4310011146/,50.html,,
E-Billing Coordinator,"The Planet Group · Chicago, IL (On-site)",Applied 7mo ago,(No longer accepting applications),https://www.linkedin.com/jobs/view/4252001007/,50.html,,
Customer Success Associate,"Cardio Diagnostics Inc. · Chicago, IL (On-site)",Applied 7mo ago,(No longer accepting applications) | Application viewed,https://www.linkedin.com/jobs/view/4308589759/,50.html,,
"Product Analyst, Gaming","bet365 · Denver, CO (On-site)",Applied 7mo ago,(No longer accepting applications),https://www.linkedin.com/jobs/view/4308273846/,51.html,,
Data Analyst (Remote - US),Jobgether · United States (Remote),Applied 7mo ago,(No longer accepting applications),https://www.linkedin.com/jobs/view/4306510598/,51.html,,
AI Prompt & Agent Developer,"ECLARO · New York, NY (On-site)",Applied 8mo ago,(No longer accepting applications),https://www.linkedin.com/jobs/view/4291171275/,51.html,,
Workday Consultant,Durian Consultants · New York City Metropolitan Area (Hybrid),Applied 7mo ago,(No longer accepting applications),https://www.linkedin.com/jobs/view/4310015385/,51.html,,
CPMS CPAQ Associate (Data Analysis),"US Tech Solutions · Thousand Oaks, CA (Hybrid)",Applied 7mo ago,(No longer accepting applications),https://www.linkedin.com/jobs/view/4308786361/,51.html,,
Associate Research Scientist,Precision Medicine Group · United States (Remote),Applied 7mo ago,(No longer accepting applications),https://www.linkedin.com/jobs/view/4298271418/,51.html,,
Risk Analyst,"Metropolis Technologies · Chicago, IL (On-site)",Applied 7mo ago,(No longer accepting applications),https://www.linkedin.com/jobs/view/4269581229/,51.html,,
Data Analyst,"Alfa Wave Agency · Boston, MA (Hybrid)",Applied 7mo ago,(No longer accepting applications),https://www.linkedin.com/jobs/view/4308096257/,51.html,,
MS Dynamics Consultant,"Forbes Technical Consulting · Chicago, IL (Hybrid)",Applied 8mo ago,(No longer accepting applications),https://www.linkedin.com/jobs/view/4262894497/,51.html,,
Analyst – Venture Capital / Growth Equity,NightDragon · San Francisco Bay Area (Remote),Applied 7mo ago,(No longer accepting applications) | Application viewed,https://www.linkedin.com/jobs/view/4308992271/,51.html,,
Technical Business Analyst,"CSI Companies · Philadelphia, PA (On-site)",Applied 7mo ago,(No longer accepting applications),https://www.linkedin.com/jobs/view/4308076921/,52.html,,
Quantitative Researcher | Commodities,"Point One - Hedge Fund Talent · New York, United States (On-site)",Applied 7mo ago,(No longer accepting applications),https://www.linkedin.com/jobs/view/4301507848/,52.html,,
Data Associate,"Q Partners · North Carolina, United States (On-site)",Applied 7mo ago,(No longer accepting applications),https://www.linkedin.com/jobs/view/4309633710/,52.html,,
Benefits Analyst,BenefitsDNA · Greater Harrisburg Area (Remote),Applied 7mo ago,(No longer accepting applications),https://www.linkedin.com/jobs/view/4308631866/,52.html,,
Data Center Business Analyst,"Mastech Digital · Dallas, TX (Hybrid)",Applied 8mo ago,(No longer accepting applications),https://www.linkedin.com/jobs/view/4293925671/,52.html,,
"Sales Development Representative - AI SaaS - $85-95k OTE - Hybrid, Chicago","meritt. · Chicago, IL (Hybrid)",Applied 7mo ago,(No longer accepting applications) | Resume downloaded,https://www.linkedin.com/jobs/view/4308418470/,52.html,,
Business Systems Analyst - NetSuite & Integrations,"Spinelli Kilcollin · Los Angeles, CA (Hybrid)",Applied 8mo ago,(No longer accepting applications),https://www.linkedin.com/jobs/view/4294577040/,52.html,,
GravityOps (Intern Support & Data Ops Specialist) Intern,"NorthGravity · Chicago, IL (On-site)",Applied 7mo ago,(No longer accepting applications) | Resume downloaded,https://www.linkedin.com/jobs/view/4299619092/,52.html,,
Quantitative Trader,"Venture Search · New York, United States (On-site)",Applied 7mo ago,(No longer accepting applications),https://www.linkedin.com/jobs/view/4294424810/,52.html,,
Aircraft Sales Analyst,Arcadia Jets · United States (Remote),Applied 7mo ago,(No longer accepting applications) | Application viewed,https://www.linkedin.com/jobs/view/4308614485/,53.html,,
Data Analyst (Health Plan),Genzeon · United States (Remote),Applied 7mo ago,(No longer accepting applications),https://www.linkedin.com/jobs/view/4307697158/,53.html,,
Data Engineer,"Luminus Analytics, LLC · Washington DC-Baltimore Area (Hybrid)",Applied 8mo ago,(No longer accepting applications),https://www.linkedin.com/jobs/view/3694102532/,53.html,,
Investor Communications Analyst,"Connect Search, LLC · Chicago, IL (Hybrid)",Applied 7mo ago,(No longer accepting applications),https://www.linkedin.com/jobs/view/4294233352/,53.html,,
Payroll Coordinator - 158014,"Atrium · Manhattan, NY (Remote)",Applied 7mo ago,(No longer accepting applications),https://www.linkedin.com/jobs/view/4308952035/,53.html,,
Data Analyst,AARATECH · Greater Chicago Area (On-site),Applied 7mo ago,(No longer accepting applications),https://www.linkedin.com/jobs/view/4307079104/,53.html,,
Financial Data Analyst,VDart · United States (Remote),Applied 7mo ago,(No longer accepting applications),https://www.linkedin.com/jobs/view/4306659213/,53.html,,
Entry Level Manager,"Blasen Capital, LLC · Chicago, IL (Remote)",Applied 7mo ago,(No longer accepting applications),https://www.linkedin.com/jobs/view/4307617013/,53.html,,
Jr. Strategy and Operations Associate,"Orchestrade · New York, NY (On-site)",Applied 7mo ago,(No longer accepting applications),https://www.linkedin.com/jobs/view/4306661223/,53.html,,
Data Analyst,Helic & Co. · United States (Remote),Applied 7mo ago,(No longer accepting applications),https://www.linkedin.com/jobs/view/4308464215/,53.html,,
Analyst,"LandMAR Energy Services, LLC · Texas, United States (Remote)",Applied 7mo ago,(No longer accepting applications),https://www.linkedin.com/jobs/view/4307662656/,54.html,,
Business Data Analyst,"DTI (Diversified Technology Inc.) · Oak Brook, IL (Hybrid)",Applied 7mo ago,(No longer accepting applications),https://www.linkedin.com/jobs/view/4304895238/,54.html,,
Business Management Trainee,Be Marketable · Greater Chicago Area (On-site),Applied 7mo ago,(No longer accepting applications),https://www.linkedin.com/jobs/view/4304803211/,54.html,,
Salesforce Business Analyst,"Signature IT World Inc · Parsippany, NJ (Remote)",Applied 7mo ago,(No longer accepting applications),https://www.linkedin.com/jobs/view/4305812536/,54.html,,
Business Intelligence Analyst,"Infojini Inc · Sacramento, CA (Hybrid)",Applied 7mo ago,(No longer accepting applications),https://www.linkedin.com/jobs/view/4308114412/,54.html,,
Macro Data Scientist - Trading Pod - Hedge Fund - $300k,"Paragon Alpha - Hedge Fund Talent Business · New York, NY (On-site)",Applied 7mo ago,(No longer accepting applications),https://www.linkedin.com/jobs/view/4287888270/,54.html,,
Application Support,"Harrington Starr · Chicago, IL (On-site)",Applied 7mo ago,(No longer accepting applications),https://www.linkedin.com/jobs/view/4293737331/,54.html,,
Junior Computer Systems Analyst,"Digital Management, Inc · United States (Remote)",Applied 11mo ago,(No longer accepting applications),https://www.linkedin.com/jobs/view/4204522993/,54.html,,
Technical Business Analyst #3447838,"Axiom Path · Charlotte, NC (On-site)",Applied 7mo ago,(No longer accepting applications),https://www.linkedin.com/jobs/view/4308108014/,54.html,,
BA/Data Science Analytics Consultant,Strategic Staffing Solutions · Des Moines Metropolitan Area (Hybrid),Applied 7mo ago,(No longer accepting applications),https://www.linkedin.com/jobs/view/4308085773/,54.html,,
Data Analyst,"AARATECH · Chicago, IL (On-site)",Applied 7mo ago,(No longer accepting applications),https://www.linkedin.com/jobs/view/4306308934/,55.html,,
Data Analyst/ Customer Success Analyst/ Sales Operations Analyst,"Flexton Inc. · Chicago, IL (Hybrid)",Applied 7mo ago,(No longer accepting applications),https://www.linkedin.com/jobs/view/4308082550/,55.html,,
Data Analyst,"Acro Service Corp · Houston, TX (On-site)",Applied 7mo ago,(No longer accepting applications),https://www.linkedin.com/jobs/view/4306647959/,55.html,,
Staff Product Analyst,"Harnham · New York, NY (Hybrid)",Applied 7mo ago,(No longer accepting applications),https://www.linkedin.com/jobs/view/4294882492/,55.html,,
Technology Product Analyst,"EDGE Services, Inc. · United States (Remote)",Applied 7mo ago,(No longer accepting applications),https://www.linkedin.com/jobs/view/4305616935/,55.html,,
AdOps Associate,"DemandWorks · Chicago, IL (Remote)",Applied 7mo ago,(No longer accepting applications),https://www.linkedin.com/jobs/view/4304695264/,55.html,,
Analyst  / Associate,"Siltstone Capital · Houston, TX (On-site)",Applied 7mo ago,(No longer accepting applications),https://www.linkedin.com/jobs/view/3903604886/,55.html,,
Data Analyst I,"JT4 · Edwards, CA",Applied 8mo ago,(No longer accepting applications),https://www.linkedin.com/jobs/view/4282195404/,55.html,,
Project Reporting Analyst,"Clarity Consultants · Campbell, CA (Remote)",Applied 8mo ago,(No longer accepting applications),https://www.linkedin.com/jobs/view/4293047651/,55.html,,
Strategic Advisory Analyst | Emerging Technology,"Selby Jennings · San Francisco County, CA (Hybrid)",Applied 8mo ago,(No longer accepting applications),https://www.linkedin.com/jobs/view/4292973683/,55.html,,
Information Management Business Partner,"CornerStone Technology Talent Services · Corpus Christi, TX (On-site)",Applied 8mo ago,(No longer accepting applications),https://www.linkedin.com/jobs/view/4292428856/,56.html,,
Machine Learning Engineer,Curate Partners · United States (Remote),Applied 8mo ago,(No longer accepting applications),https://www.linkedin.com/jobs/view/4292567837/,56.html,,
Quantitative Researcher,"Albert Bow · New York, United States (Hybrid)",Applied 7mo ago,(No longer accepting applications),https://www.linkedin.com/jobs/view/4290744585/,56.html,,
Quantitative Researcher,"Albert Bow · New York, NY (Hybrid)",Applied 7mo ago,(No longer accepting applications),https://www.linkedin.com/jobs/view/4290752374/,56.html,,
Business Analyst - MS Power Platform,CDW · Greater Chicago Area (Hybrid),Applied 7mo ago,(No longer accepting applications),https://www.linkedin.com/jobs/view/4292189327/,56.html,,
"Researcher, Online Threat Intelligence","Control Risks · San Francisco, CA (Hybrid)",Applied 8mo ago,(No longer accepting applications),https://www.linkedin.com/jobs/view/4290323684/,56.html,,
Quantitative Strategist - Associate,"Deutsche Bank · New York, NY (Hybrid)",Applied 8mo ago,(No longer accepting applications),https://www.linkedin.com/jobs/view/4292919424/,56.html,,
Technical AI Solutions Engineer - Recent Grad,"Cassidy · New York, NY (On-site)",Applied 8mo ago,(No longer accepting applications),https://www.linkedin.com/jobs/view/4277281482/,56.html,,
"Data Analyst (DBT, Snowflake,  Ad-tech)","Ektello llc · New York, NY (On-site)",Applied 7mo ago,(No longer accepting applications),https://www.linkedin.com/jobs/view/4295370240/,56.html,,
Data Center Engineer,Robert Half · United States (Remote),Applied 8mo ago,(No longer accepting applications) | Application viewed,https://www.linkedin.com/jobs/view/4292436117/,56.html,,
Entry Level Recruitment Consultant - January Start,"Phaidon International · New York, NY (On-site)",Applied 8mo ago,(No longer accepting applications),https://www.linkedin.com/jobs/view/4288580944/,57.html,,
"Data Visualization Specialist, Digital Experience","Savills North America · Chicago, IL (Hybrid)",Applied 8mo ago,(No longer accepting applications),https://www.linkedin.com/jobs/view/4290957665/,57.html,,
Business Systems Analyst with search implementation and e-commerce,"Central Point Partners · Corte Madera, CA (Hybrid)",Applied 8mo ago,(No longer accepting applications),https://www.linkedin.com/jobs/view/4291464668/,57.html,,
Quantitative Developer (hedge fund),"New York, NY • (On-site)",Applied 7mo ago,(No longer accepting applications),https://www.linkedin.com/jobs/view/4285930259/,57.html,,
AI Sales Analyst,"eGain Corporation · Sunnyvale, CA (On-site)",Applied 8mo ago,(No longer accepting applications),https://www.linkedin.com/jobs/view/4286766127/,57.html,,
Enterprise Data & Analytics Associate,Witness Investment · Greater Chicago Area (On-site),Applied 7mo ago,(No longer accepting applications),https://www.linkedin.com/jobs/view/4281388184/,57.html,,
Data Analytics Engineer - Investment Manager,"WTECH Search · New York, NY (On-site)",Applied 7mo ago,(No longer accepting applications),https://www.linkedin.com/jobs/view/4298394417/,57.html,,
Data Engineer,"Incedo Inc. · Florham Park, NJ (On-site)",Applied 8mo ago,(No longer accepting applications),https://www.linkedin.com/jobs/view/4289931267/,57.html,,
Quantitative Researcher — Systematic Macro,"MS Capital Singapore · New York, United States (On-site)",Applied 7mo ago,(No longer accepting applications),https://www.linkedin.com/jobs/view/4289426375/,57.html,,
Business Intelligence Engineer,"Russell Tobin · Pleasanton, CA (Hybrid)",Applied 8mo ago,(No longer accepting applications),https://www.linkedin.com/jobs/view/4286722246/,57.html,,
Analyst,"Winterberry Group · New York, NY (Hybrid)",Applied 8mo ago,(No longer accepting applications),https://www.linkedin.com/jobs/view/4289021845/,58.html,,
Junior Business Analyst,"DetaPent · New York, United States (Remote)",Applied 7mo ago,(No longer accepting applications),https://www.linkedin.com/jobs/view/4301321192/,58.html,,
Legislative Analyst-Office of Legislative Research,"Connecticut General Assembly · Hartford, CT (On-site)",Applied 8mo ago,(No longer accepting applications),https://www.linkedin.com/jobs/view/4292564086/,58.html,,
Business System Analyst,"Green Key Resources · Teaneck, NJ (Hybrid)",Applied 8mo ago,(No longer accepting applications),https://www.linkedin.com/jobs/view/4288259343/,58.html,,
AI/ML Engineer - CV Focus,"CyberCoders · Boston, MA (Hybrid)",Applied 8mo ago,(No longer accepting applications),https://www.linkedin.com/jobs/view/4263776582/,58.html,,
Information Technology Business Analyst,Eliassen Group · Charlotte Metro (Hybrid),Applied 8mo ago,(No longer accepting applications),https://www.linkedin.com/jobs/view/4288254702/,58.html,,
Analytics Engineer,"MONTICELLOAM, LLC · New York, NY (On-site)",Applied 7mo ago,(No longer accepting applications),https://www.linkedin.com/jobs/view/4131801935/,58.html,,
Data Software Engineer - Prop Trading,"Selby Jennings · Chicago, IL (On-site)",Applied 7mo ago,(No longer accepting applications),https://www.linkedin.com/jobs/view/4288951659/,58.html,,
Business Analyst,"The Judge Group · Chicago, IL (Hybrid)",Applied 8mo ago,(No longer accepting applications),https://www.linkedin.com/jobs/view/4288933842/,58.html,,
Macro Quantitative Researcher,"Alexander Chapman · New York, United States (On-site)",Applied 7mo ago,(No longer accepting applications),https://www.linkedin.com/jobs/view/4288960136/,58.html,,
AWS Data Architect,"E-Solutions · Tarrytown, NY (On-site)",Applied 7mo ago,(No longer accepting applications),https://www.linkedin.com/jobs/view/4300095906/,59.html,,
Pricing Analyst,"Cypress HCM · San Jose, CA (Hybrid)",Applied 8mo ago,(No longer accepting applications),https://www.linkedin.com/jobs/view/4288088142/,59.html,,
Data Analyst - Quality & Systems,"Glocomms · Brooklyn, NY (On-site)",Applied 7mo ago,(No longer accepting applications),https://www.linkedin.com/jobs/view/4295830151/,59.html,,
Data Engineer,"BeaconFire Inc. · New Jersey, United States (On-site)",Applied 8mo ago,(No longer accepting applications),https://www.linkedin.com/jobs/view/4286324184/,59.html,,
Product Analyst,Macy's · New York City Metropolitan Area (On-site),Applied 8mo ago,(No longer accepting applications),https://www.linkedin.com/jobs/view/4288479087/,59.html,,
financial engineer,"White Plains, NY • (Hybrid)",Applied 8mo ago,(No longer accepting applications),https://www.linkedin.com/jobs/view/4293236178/,59.html,,
Data Analytics Engineer,"IT Associates · Rosemont, IL (Hybrid)",Applied 7mo ago,(No longer accepting applications),https://www.linkedin.com/jobs/view/4289536762/,59.html,,
Data Strategy & AI Readiness,Capgemini Invent · Greater Chicago Area (Hybrid),Applied 7mo ago,(No longer accepting applications),https://www.linkedin.com/jobs/view/4295822042/,59.html,,
Pricing Analyst - Python,"Analytic Recruiting Inc. · New York, NY (Hybrid)",Applied 8mo ago,(No longer accepting applications),https://www.linkedin.com/jobs/view/4288401878/,59.html,,
Product Analyst,"Prairie Consulting Services · Chicago, IL (Hybrid)",Applied 8mo ago,(No longer accepting applications),https://www.linkedin.com/jobs/view/4287531063/,59.html,,
Treasury Quant Analyst - Capital Optimization,"Selby Jennings · New York, NY (Hybrid)",Applied 7mo ago,(No longer accepting applications),https://www.linkedin.com/jobs/view/4287958802/,60.html,,
Data Scientist,Bamboo X · United States (Remote),Applied 8mo ago,(No longer accepting applications),https://www.linkedin.com/jobs/view/4252361632/,60.html,,
Quantitative Strategist,"Durlston Partners · New York, United States (On-site)",Applied 7mo ago,(No longer accepting applications),https://www.linkedin.com/jobs/view/4297093165/,60.html,,
Quantitative Developer,"C2R Ventures · New York, NY (On-site)",Applied 7mo ago,(No longer accepting applications),https://www.linkedin.com/jobs/view/4287936003/,60.html,,
Quantitative Trader - Equities,"Qenexus · New York, United States (On-site)",Applied 7mo ago,(No longer accepting applications),https://www.linkedin.com/jobs/view/4300571066/,60.html,,
Analyst,Intelligence and Strategic Advisors (i.s.a.) · Greater Chicago Area (On-site),Applied 7mo ago,(No longer accepting applications) | Application viewed,https://www.linkedin.com/jobs/view/4301194748/,60.html,,
Data Analyst (Media Analyst),"Confidential Company · Chicago, IL (Hybrid)",Applied 8mo ago,(No longer accepting applications),https://www.linkedin.com/jobs/view/4294821716/,60.html,,
AI Security Research Engineer,Pallas Security · San Francisco Bay Area (On-site),Applied 8mo ago,(No longer accepting applications),https://www.linkedin.com/jobs/view/4292413878/,60.html,,
Data and Applications Assistant,"Delphi-US, LLC - Peacemakers in the Talent War · Providence, RI (On-site)",Applied 8mo ago,(No longer accepting applications),https://www.linkedin.com/jobs/view/4292668612/,60.html,,
Data Analyst,"Ignite Digital Services · San Diego, CA",Applied 8mo ago,(No longer accepting applications),https://www.linkedin.com/jobs/view/4253965762/,60.html,,
Data Analyst,"Connect Search, LLC · Elmhurst, IL (Hybrid)",Applied 8mo ago,(No longer accepting applications),https://www.linkedin.com/jobs/view/4292189286/,61.html,,
Investment Analyst,"Nexxus Holdings · Santa Barbara, CA (On-site)",Applied 8mo ago,(No longer accepting applications),https://www.linkedin.com/jobs/view/4283551379/,61.html,,
Business Intelligence Analyst,"Emids · Nashville, TN (On-site)",Applied 8mo ago,(No longer accepting applications),https://www.linkedin.com/jobs/view/4292429661/,61.html,,
Augmented Strategist,"Eudia · Palo Alto, CA (On-site)",Applied 8mo ago,(No longer accepting applications) | Application viewed,https://www.linkedin.com/jobs/view/4279715046/,61.html,,
Financial Data Analyst,"Insight Global · Charlotte, NC (Hybrid)",Applied 8mo ago,(No longer accepting applications),https://www.linkedin.com/jobs/view/4288274245/,61.html,,
Technical Business Analyst,"The Planet Group · Dallas, TX (Hybrid)",Applied 8mo ago,(No longer accepting applications),https://www.linkedin.com/jobs/view/4284161683/,61.html,,
Financial Systems RPA Analyst,Macy's · United States (Remote),Applied 8mo ago,(No longer accepting applications),https://www.linkedin.com/jobs/view/4282243108/,61.html,,
"Associate, Private Market Clients - (January 2026 Start)","Third Bridge · New York, NY (On-site)",Applied 8mo ago,(No longer accepting applications),https://www.linkedin.com/jobs/view/4296088361/,61.html,,
Quantitative Risk Analyst,Confidential · New York City Metropolitan Area (On-site),Applied 8mo ago,(No longer accepting applications),https://www.linkedin.com/jobs/view/4283794048/,61.html,,
AI Agent Developer,"AG Consulting Partners, Inc. · Redmond, WA (Hybrid)",Applied 8mo ago,(No longer accepting applications),https://www.linkedin.com/jobs/view/4290757906/,61.html,,
Database & BI Analyst,"JR Automation · Holland, MI (Hybrid)",Applied 8mo ago,(No longer accepting applications),https://www.linkedin.com/jobs/view/4283778677/,62.html,,
Service Parts Analyst [14171],"MEDA Engineering and Technical Servicess, LLC · Auburn Hills, MI (On-site)",Applied 8mo ago,(No longer accepting applications),https://www.linkedin.com/jobs/view/4292568816/,62.html,,
Business Continuity Analyst,"ATR International · San Francisco, CA (On-site)",Applied 8mo ago,(No longer accepting applications),https://www.linkedin.com/jobs/view/4294227595/,62.html,,
Data Analyst I,"IntePros · Seattle, WA (Hybrid)",Applied 8mo ago,(No longer accepting applications),https://www.linkedin.com/jobs/view/4282284373/,62.html,,
Marketing Data Analyst,Rate · United States (Remote),Applied 8mo ago,(No longer accepting applications),https://www.linkedin.com/jobs/view/4283085792/,62.html,,
LLM Data Research Engineer,fundamental.ai · United States (Remote),Applied 8mo ago,(No longer accepting applications),https://www.linkedin.com/jobs/view/4293006606/,62.html,,
Junior PowerBI Developer,"Conviso Inc. · Washington, DC (Remote)",Applied 8mo ago,(No longer accepting applications),https://www.linkedin.com/jobs/view/4288582290/,62.html,,
Jr. BA/Tester,Gravity IT Resources · United States (Remote),Applied 8mo ago,(No longer accepting applications),https://www.linkedin.com/jobs/view/4292914931/,62.html,,
Data Engineer,"Norton Blake · New York, NY (On-site)",Applied 8mo ago,(No longer accepting applications),https://www.linkedin.com/jobs/view/4291073439/,62.html,,
Analyst Data Strategies,"Boyd Gaming · Las Vegas, NV (On-site)",Applied 8mo ago,(No longer accepting applications),https://www.linkedin.com/jobs/view/4279849225/,62.html,,
Salesforce Consultant,"Akkodis · Cambridge, MA (Hybrid)",Applied 8mo ago,(No longer accepting applications),https://www.linkedin.com/jobs/view/4296341011/,63.html,,
Marketing Data Analyst,"Softworld, a Kelly Company · Sunnyvale, CA (On-site)",Applied 8mo ago,(No longer accepting applications),https://www.linkedin.com/jobs/view/4289354997/,63.html,,
Retail Workforce Management Analyst,"Warby Parker · New York, NY (Hybrid)",Applied 8mo ago,(No longer accepting applications),https://www.linkedin.com/jobs/view/4293955844/,63.html,,
Allocator,"Fabletics · El Segundo, CA (Hybrid)",Applied 8mo ago,(No longer accepting applications),https://www.linkedin.com/jobs/view/4268802047/,63.html,,
Marketing Data Analyst,"Autopilot · New York, NY (On-site)",Applied 8mo ago,(No longer accepting applications),https://www.linkedin.com/jobs/view/4293038200/,63.html,,
Data Analyst,"Stellar Consulting Solutions, LLC · United States (Remote)",Applied 8mo ago,(No longer accepting applications),https://www.linkedin.com/jobs/view/4293021905/,63.html,,
"Business Systems Associate (Airtable, Salesforce, Hubspot, Zapier/ No Code Tools)",Enrich · San Francisco Bay Area (On-site),Applied 8mo ago,(No longer accepting applications),https://www.linkedin.com/jobs/view/4288957491/,63.html,,
Business Systems & Data Analyst,"Lexington Medical, Inc · Bedford, MA (On-site)",Applied 8mo ago,(No longer accepting applications) | Resume downloaded,https://www.linkedin.com/jobs/view/4262019036/,63.html,,
System Analyst,"Franklin Fitch · Boston, MA (Hybrid)",Applied 8mo ago,(No longer accepting applications),https://www.linkedin.com/jobs/view/4288693837/,63.html,,
Business Analyst,Jack · United States (Remote),Applied 8mo ago,(No longer accepting applications),https://www.linkedin.com/jobs/view/4288275828/,63.html,,
Equity Research Intern,"ROTH Capital Partners · Newport Beach, CA (On-site)",Applied 8mo ago,(No longer accepting applications),https://www.linkedin.com/jobs/view/4292996220/,64.html,,
Financial Analyst,Montegallo. · United States (Remote),Applied 8mo ago,(No longer accepting applications),https://www.linkedin.com/jobs/view/4293401332/,64.html,,
"Financial Analyst, Business Insights","Brewer Morris · Chicago, IL (Hybrid)",Applied 8mo ago,(No longer accepting applications),https://www.linkedin.com/jobs/view/4290768310/,64.html,,
Business System Analyst - Warehouse,"Chrome Hearts · Los Angeles, CA (On-site)",Applied 8mo ago,(No longer accepting applications),https://www.linkedin.com/jobs/view/4280260822/,64.html,,
Oracle Database Administrator,"ATC · Lansing, MI (Hybrid)",Applied 8mo ago,(No longer accepting applications),https://www.linkedin.com/jobs/view/4292429775/,64.html,,
Compensation Analyst,LHH · United States (Remote),Applied 8mo ago,(No longer accepting applications),https://www.linkedin.com/jobs/view/4292430945/,64.html,,
Data Modeling Analyst,"Technology Ventures · Reston, VA (On-site)",Applied 8mo ago,(No longer accepting applications),https://www.linkedin.com/jobs/view/4290760532/,64.html,,
Remote Business Analyst - 20929,"TURING ENTERPRISES, INC · New York, United States (Remote)",Applied 8mo ago,(No longer accepting applications),https://www.linkedin.com/jobs/view/4292934072/,64.html,,
Business Analyst,"HCLTech · San Francisco, CA (On-site)",Applied 8mo ago,(No longer accepting applications),https://www.linkedin.com/jobs/view/4291187353/,65.html,,
Oracle DBA (MI local only),"Morph Enterprise · Lansing, MI (On-site)",Applied 8mo ago,(No longer accepting applications),https://www.linkedin.com/jobs/view/4292429806/,65.html,,
Data Analyst/Low Code Engineering,Vertex Solutions Inc. · United States (Remote),Applied 8mo ago,(No longer accepting applications),https://www.linkedin.com/jobs/view/4278315880/,65.html,,
Development Research and Data Associate,"The Louis D. Brandeis Center for Human Rights Under Law · Washington, DC (On-site)",Applied 8mo ago,(No longer accepting applications),https://www.linkedin.com/jobs/view/4292981946/,65.html,,
"Analyst, Media Analytics",Zenith · New York City Metropolitan Area (Hybrid),Applied 8mo ago,(No longer accepting applications),https://www.linkedin.com/jobs/view/4292426481/,65.html,,
Quantitative Developer (C++ & Python) | New Team Build (Seattle) | Elite Quant Hedge Fund,Delmar Nord · Greater Seattle Area (On-site),Applied 8mo ago,(No longer accepting applications),https://www.linkedin.com/jobs/view/4292994057/,65.html,,
Quantitative Analytics Associate,"Mondrian Alpha · Stamford, CT (On-site)",Applied 8mo ago,(No longer accepting applications),https://www.linkedin.com/jobs/view/4278852133/,65.html,,
Python Data Analyst,"TechnoSmarts, Inc. · California, United States (Remote)",Applied 8mo ago,(No longer accepting applications),https://www.linkedin.com/jobs/view/4279649743/,65.html,,
Commercial Data Analyst,"WorkGenius Group · Santa Monica, CA (Hybrid)",Applied 8mo ago,(No longer accepting applications),https://www.linkedin.com/jobs/view/4292457783/,65.html,,
Marketing Business Analyst,"York Solutions, LLC · United States (Remote)",Applied 8mo ago,(No longer accepting applications),https://www.linkedin.com/jobs/view/4292430687/,65.html,,
PMO - Financial Analyst,"Compunnel Inc. · Torrance, CA (On-site)",Applied 8mo ago,(No longer accepting applications),https://www.linkedin.com/jobs/view/4291884596/,66.html,,
Junior Data Analyst,"Insight Global · Tempe, AZ (Hybrid)",Applied 8mo ago,(No longer accepting applications),https://www.linkedin.com/jobs/view/4293035132/,66.html,,
System Administrator,"Gallant · Houston, TX (Hybrid)",Applied 8mo ago,(No longer accepting applications),https://www.linkedin.com/jobs/view/4293000297/,66.html,,
Digital Sales Intelligence Analyst,"JLab · Carlsbad, CA (Hybrid)",Applied 8mo ago,(No longer accepting applications) | Resume downloaded,https://www.linkedin.com/jobs/view/4291969241/,66.html,,
Data Analytics,"eTeam · Dallas, TX (On-site)",Applied 8mo ago,(No longer accepting applications) | Resume downloaded,https://www.linkedin.com/jobs/view/4292688597/,66.html,,
Data Analyst,James Search Group · United States (Remote),Applied 8mo ago,(No longer accepting applications),https://www.linkedin.com/jobs/view/4293298245/,66.html,,
Data Analyst,"American Technology Consulting - ATC · New York, United States (On-site)",Applied 8mo ago,(No longer accepting applications),https://www.linkedin.com/jobs/view/4292633883/,66.html,,
Data Analyst,"American Technology Consulting - ATC · New York, United States (On-site)",Applied 8mo ago,(No longer accepting applications),https://www.linkedin.com/jobs/view/4292637758/,66.html,,
Financial Analyst,"Franklin Street · Dallas, TX (On-site)",Applied 8mo ago,(No longer accepting applications),https://www.linkedin.com/jobs/view/4291173770/,66.html,,
Data Analyst,Helic & Co. · United States (Remote),Applied 8mo ago,(No longer accepting applications),https://www.linkedin.com/jobs/view/4292994168/,67.html,,
"Quant Analytics Support Analyst, Hedge Fund FinTech",Tempest Vane Partners · New York City Metropolitan Area (Hybrid),Applied 8mo ago,(No longer accepting applications),https://www.linkedin.com/jobs/view/4292920719/,67.html,,
"Research & Survey Analyst, Junior (Market Research)","SV Recruitment Solutions · New York, United States (Hybrid)",Applied 8mo ago,(No longer accepting applications),https://www.linkedin.com/jobs/view/4293031159/,67.html,,
Junior Data Engineer,"Tech Consulting · Raleigh, NC (On-site)",Applied 8mo ago,(No longer accepting applications) | Application viewed,https://www.linkedin.com/jobs/view/4293309572/,67.html,,
"Analyst, Finance and Accounting","The Leavitt Corporation · Everett, MA (On-site)",Applied 8mo ago,(No longer accepting applications),https://www.linkedin.com/jobs/view/4292920368/,67.html,,
Junior Data Scientist,"CPC Marketing · Chicago, IL (On-site)",Applied 8mo ago,(No longer accepting applications),https://www.linkedin.com/jobs/view/4263483843/,67.html,,
AI Financial Analyst,"Future Mode · Santa Clara, CA (Hybrid)",Applied 8mo ago,(No longer accepting applications) | Application viewed,https://www.linkedin.com/jobs/view/4291482486/,67.html,,
Trader / Analyst,"Strategic Portfolio Solutions, LLC · Dallas, TX (On-site)",Applied 8mo ago,(No longer accepting applications),https://www.linkedin.com/jobs/view/4293309608/,67.html,,
Founding Engineer – Applied AI (Chatbot + Emotion Tech),Feel · United States (Remote),Applied 8mo ago,(No longer accepting applications) | Application viewed,https://www.linkedin.com/jobs/view/4292437136/,67.html,,
Junior Data Engineer,"Tech Consulting · Jackson, MS (On-site)",Applied 8mo ago,(No longer accepting applications),https://www.linkedin.com/jobs/view/4292650022/,68.html,,
Data Analyst,"Tatum by Randstad · Charlotte, NC (Remote)",Applied 8mo ago,(No longer accepting applications),https://www.linkedin.com/jobs/view/4292434199/,68.html,,
Fund Operations Analyst,"Solomon Hess Capital Management · Arlington, VA (On-site)",Applied 8mo ago,(No longer accepting applications) | Resume downloaded,https://www.linkedin.com/jobs/view/4291600843/,68.html,,
Power BI with Microsoft Access Consultant,"Compugra Systems Inc · Plano, TX (On-site)",Applied 8mo ago,(No longer accepting applications) | Application viewed,https://www.linkedin.com/jobs/view/4293013345/,68.html,,
"Research And Data Analyst, Junior","New York, United States • (Hybrid)",Applied 8mo ago,(No longer accepting applications) | Application viewed,https://www.linkedin.com/jobs/view/4292966851/,68.html,,
Data Engineer- Health & Wellness,"Blue Ash, OH • (On-site)",Applied 8mo ago,(No longer accepting applications),https://www.linkedin.com/jobs/view/4293009854/,68.html,,
Associate Data Engineer,"Incedo Inc. · Florham Park, NJ (On-site)",Applied 8mo ago,(No longer accepting applications),https://www.linkedin.com/jobs/view/4292570666/,68.html,,
Automotive - Business Analyst (REMOTE),"Net2Source (N2S) · Portland, OR (Remote)",Applied 8mo ago,(No longer accepting applications),https://www.linkedin.com/jobs/view/4292562850/,68.html,,
Junior Data Analyst,"DetaPent · Atlanta, GA (Remote)",Applied 8mo ago,(No longer accepting applications),https://www.linkedin.com/jobs/view/4292429961/,68.html,,
Data Analyst,"Venusgeo Solutions · Fort Worth, TX (On-site)",Applied 8mo ago,(No longer accepting applications),https://www.linkedin.com/jobs/view/4292423608/,68.html,,
Oracle Database Administrator,"Code Tech Inc · Lansing, MI (Hybrid)",Applied 8mo ago,(No longer accepting applications),https://www.linkedin.com/jobs/view/4292435294/,69.html,,
Tableau Administrator,DAS Federal LLC - Digital Applied Solutions · United States (Remote),Applied 8mo ago,(No longer accepting applications) | Resume downloaded,https://www.linkedin.com/jobs/view/4292571708/,69.html,,
Internship \ AI Deep Learning \ Autonomy / ITAR/U.S.Citizen /,Deca Defense · United States (Remote),Applied 8mo ago,(No longer accepting applications) | Application viewed,https://www.linkedin.com/jobs/view/4292584302/,69.html,,
Research & Data Analyst – Juvenile Justice,AHU Technologies Pvt Ltd · Washington DC-Baltimore Area (Hybrid),Applied 8mo ago,(No longer accepting applications) | Application viewed,https://www.linkedin.com/jobs/view/4290759678/,69.html,,
Data Scientist,Kastech Software Solutions Group · United States (Remote),Applied 8mo ago,(No longer accepting applications),https://www.linkedin.com/jobs/view/4288941704/,69.html,,
Junior Data Scientist,"Flexon Technologies Inc. · Sunnyvale, CA (On-site)",Applied 8mo ago,(No longer accepting applications),https://www.linkedin.com/jobs/view/4288045763/,69.html,,
AI Systems Analyst,"Clarity Partners · Chicago, IL (Hybrid)",Applied 9mo ago,(No longer accepting applications),https://www.linkedin.com/jobs/view/4259913311/,69.html,,
Product Management (Data Analysis) Intern (Summer/Fall 2025),"BoldVoice · New York, NY (On-site)",Applied 9mo ago,(No longer accepting applications),https://www.linkedin.com/jobs/view/4263476867/,69.html,,
Data Engineer,"Vertex Elite LLC · San Francisco, CA (Hybrid)",Applied 10mo ago,(No longer accepting applications),https://www.linkedin.com/jobs/view/4263386707/,69.html,,
Database Specialist,"Mastech Digital · Chicago, IL (Hybrid)",Applied 9mo ago,(No longer accepting applications),https://www.linkedin.com/jobs/view/4255404488/,69.html,,
Power BI Admin/Developer (Microsoft Fabric Focused) - ONLY W2 CANDIDATES,"Bolingbrook, IL • (Hybrid)",Applied 9mo ago,(No longer accepting applications),https://www.linkedin.com/jobs/view/4264478550/,70.html,,
Associate Data Analyst,"Incedo Inc. · Florham Park, NJ (On-site)",Applied 11mo ago,(No longer accepting applications),https://www.linkedin.com/jobs/view/4231480424/,70.html,,
